Algorithm,Bom,Nodes,AttemptNr,Status,Time,Makespan,Iterations
TS-Si-LM,P1,63,1,SATISFIED,60.289,77.0,3789.28
TS-Si-LM,P1,63,2,SATISFIED,60.2811,77.0,3806.59
TS-Si-LM,P1,63,3,SATISFIED,60.2869,77.0,3819.25
TS-Si-LM,P1,63,4,SATISFIED,60.2771,77.0,3914.38
TS-Si-LM,P1,63,5,SATISFIED,60.1697,77.0,3947.0
TS-Si-LM,P1,63,6,SATISFIED,60.2623,77.0,3945.22
TS-Si-LM,P1,63,7,SATISFIED,60.2841,77.0,4016.38
TS-Si-LM,P1,63,8,SATISFIED,60.2765,77.0,3933.31
TS-Si-LM,P1,63,9,SATISFIED,60.2764,77.0,3895.69
TS-Si-LM,P1,63,10,SATISFIED,60.3842,77.0,3942.47
TS-Si-LM,P2,74,1,SATISFIED,60.3368,90.0,3957.31
TS-Si-LM,P2,74,2,SATISFIED,60.3498,90.0,3978.62
TS-Si-LM,P2,74,3,SATISFIED,60.3321,90.0,3934.09
TS-Si-LM,P2,74,4,SATISFIED,60.3486,90.0,3790.44
TS-Si-LM,P2,74,5,SATISFIED,60.231,90.0,3793.59
TS-Si-LM,P2,74,6,SATISFIED,60.3321,90.0,3907.12
TS-Si-LM,P2,74,7,SATISFIED,60.3052,90.0,3836.69
TS-Si-LM,P2,74,8,SATISFIED,60.3461,90.0,3848.12
TS-Si-LM,P2,74,9,SATISFIED,60.419,90.0,3913.22
TS-Si-LM,P2,74,10,SATISFIED,60.3381,90.0,3903.41
TS-Si-LM,P3,83,1,SATISFIED,60.3681,100.0,3935.88
TS-Si-LM,P3,83,2,SATISFIED,60.3699,100.0,3899.28
TS-Si-LM,P3,83,3,SATISFIED,60.3545,100.0,3892.69
TS-Si-LM,P3,83,4,SATISFIED,60.4038,100.0,3925.94
TS-Si-LM,P3,83,5,SATISFIED,60.2578,100.0,3979.91
TS-Si-LM,P3,83,6,SATISFIED,60.3682,100.0,3902.88
TS-Si-LM,P3,83,7,SATISFIED,60.5058,100.0,3917.75
TS-Si-LM,P3,83,8,SATISFIED,60.3597,100.0,3929.31
TS-Si-LM,P3,83,9,SATISFIED,60.371,100.0,4003.09
TS-Si-LM,P3,83,10,SATISFIED,60.3734,100.0,4022.12
TS-Si-LM,P4,86,1,SATISFIED,60.3845,110.0,3870.47
TS-Si-LM,P4,86,2,SATISFIED,60.3937,110.0,3858.34
TS-Si-LM,P4,86,3,SATISFIED,60.246,110.0,3852.69
TS-Si-LM,P4,86,4,SATISFIED,60.3845,110.0,3803.22
TS-Si-LM,P4,86,5,SATISFIED,60.3902,110.0,3838.47
TS-Si-LM,P4,86,6,SATISFIED,60.5073,110.0,3831.0
TS-Si-LM,P4,86,7,SATISFIED,60.3818,110.0,3843.44
TS-Si-LM,P4,86,8,SATISFIED,60.3776,110.0,3729.25
TS-Si-LM,P4,86,9,SATISFIED,60.3863,110.0,3732.91
TS-Si-LM,P4,86,10,SATISFIED,60.3955,110.0,3762.44
TS-Si-LM,P5,92,1,SATISFIED,60.3955,135.0,3166.38
TS-Si-LM,P5,92,2,SATISFIED,60.3769,135.0,3138.5
TS-Si-LM,P5,92,3,SATISFIED,60.5348,135.0,3161.34
TS-Si-LM,P5,92,4,SATISFIED,60.256,135.0,3136.22
TS-Si-LM,P5,92,5,SATISFIED,60.2755,135.0,3191.41
TS-Si-LM,P5,92,6,SATISFIED,60.4169,135.0,3229.69
TS-Si-LM,P5,92,7,SATISFIED,60.413,135.0,3190.38
TS-Si-LM,P5,92,8,SATISFIED,60.409,135.0,3172.38
TS-Si-LM,P5,92,9,SATISFIED,60.4134,135.0,3102.88
TS-Si-LM,P5,92,10,SATISFIED,60.4031,135.0,3115.19
TS-Si-LM,P6,99,1,SATISFIED,60.5405,125.0,3692.72
TS-Si-LM,P6,99,2,SATISFIED,60.2521,125.0,3664.91
TS-Si-LM,P6,99,3,SATISFIED,60.4292,125.0,3652.62
TS-Si-LM,P6,99,4,SATISFIED,60.4261,125.0,3680.31
TS-Si-LM,P6,99,5,SATISFIED,60.4355,125.0,3687.66
TS-Si-LM,P6,99,6,SATISFIED,60.4335,125.0,3644.59
TS-Si-LM,P6,99,7,SATISFIED,60.4292,125.0,3743.06
TS-Si-LM,P6,99,8,SATISFIED,60.5698,125.0,3659.53
TS-Si-LM,P6,99,9,SATISFIED,60.4117,125.0,3645.28
TS-Si-LM,P6,99,10,SATISFIED,60.2851,125.0,3714.75
TS-Si-LM,P7,106,1,SATISFIED,60.4443,118.0,3756.5
TS-Si-LM,P7,106,2,SATISFIED,60.2885,118.0,3749.72
TS-Si-LM,P7,106,3,SATISFIED,60.459,118.0,3777.75
TS-Si-LM,P7,106,4,SATISFIED,60.4409,118.0,3799.81
TS-Si-LM,P7,106,5,SATISFIED,60.4532,118.0,3853.28
TS-Si-LM,P7,106,6,SATISFIED,60.4376,118.0,3786.16
TS-Si-LM,P7,106,7,SATISFIED,60.4735,118.0,3734.59
TS-Si-LM,P7,106,8,SATISFIED,60.2852,118.0,3741.41
TS-Si-LM,P7,106,9,SATISFIED,60.4371,118.0,3840.41
TS-Si-LM,P7,106,10,SATISFIED,60.4393,118.0,3791.12
TS-Si-LM,P8,111,1,SATISFIED,60.465,132.0,3825.53
TS-Si-LM,P8,111,2,SATISFIED,60.6057,133.0,3793.59
TS-Si-LM,P8,111,3,SATISFIED,60.2729,132.0,3732.81
TS-Si-LM,P8,111,4,SATISFIED,60.4919,132.0,3806.91
TS-Si-LM,P8,111,5,SATISFIED,60.4994,136.0,3794.19
TS-Si-LM,P8,111,6,SATISFIED,60.478,133.0,3729.81
TS-Si-LM,P8,111,7,SATISFIED,60.4759,132.0,3759.91
TS-Si-LM,P8,111,8,SATISFIED,60.4698,131.0,3770.69
TS-Si-LM,P8,111,9,SATISFIED,60.5923,132.0,3787.84
TS-Si-LM,P8,111,10,SATISFIED,60.463,132.0,3762.88
TS-Si-LM,P9,119,1,SATISFIED,60.506,134.0,3479.59
TS-Si-LM,P9,119,2,SATISFIED,60.4934,134.0,3485.72
TS-Si-LM,P9,119,3,SATISFIED,60.5004,134.0,3540.22
TS-Si-LM,P9,119,4,SATISFIED,60.4912,134.0,3535.12
TS-Si-LM,P9,119,5,SATISFIED,60.696,134.0,3517.75
TS-Si-LM,P9,119,6,SATISFIED,60.4877,134.0,3400.22
TS-Si-LM,P9,119,7,SATISFIED,60.4388,134.0,3532.53
TS-Si-LM,P9,119,8,SATISFIED,60.2854,134.0,3519.41
TS-Si-LM,P9,119,9,SATISFIED,60.4947,134.0,3505.22
TS-Si-LM,P9,119,10,SATISFIED,60.49,134.0,3488.28
TS-Si-LM,P10,123,1,SATISFIED,60.5097,155.0,3520.53
TS-Si-LM,P10,123,2,SATISFIED,60.6011,155.0,3491.91
TS-Si-LM,P10,123,3,SATISFIED,60.5097,155.0,3428.09
TS-Si-LM,P10,123,4,SATISFIED,60.5261,155.0,3506.44
TS-Si-LM,P10,123,5,SATISFIED,60.5125,155.0,3475.91
TS-Si-LM,P10,123,6,SATISFIED,60.5205,155.0,3443.16
TS-Si-LM,P10,123,7,SATISFIED,60.5114,155.0,3421.12
TS-Si-LM,P10,123,8,SATISFIED,60.4599,155.0,3497.47
TS-Si-LM,P10,123,9,SATISFIED,60.4891,155.0,3518.25
TS-Si-LM,P10,123,10,SATISFIED,60.529,155.0,3510.44
TS-Si-LM,P11,146,1,SATISFIED,60.6329,171.0,3167.88
TS-Si-LM,P11,146,2,SATISFIED,60.6206,171.0,3303.53
TS-Si-LM,P11,146,3,SATISFIED,60.6187,171.0,3259.34
TS-Si-LM,P11,146,4,SATISFIED,60.7129,171.0,3214.84
TS-Si-LM,P11,146,5,SATISFIED,60.6132,171.0,3194.53
TS-Si-LM,P11,146,6,SATISFIED,60.6225,171.0,3279.94
TS-Si-LM,P11,146,7,SATISFIED,60.6499,171.0,3211.56
TS-Si-LM,P11,146,8,SATISFIED,60.6272,171.0,3228.25
TS-Si-LM,P11,146,9,SATISFIED,60.7495,171.0,3169.16
TS-Si-LM,P11,146,10,SATISFIED,60.6003,171.0,3174.72
TS-Si-LM,P12,157,1,SATISFIED,60.662,164.0,3312.62
TS-Si-LM,P12,157,2,SATISFIED,60.698,166.0,3288.34
TS-Si-LM,P12,157,3,SATISFIED,60.6774,163.0,3309.22
TS-Si-LM,P12,157,4,SATISFIED,60.7637,165.0,3400.41
TS-Si-LM,P12,157,5,SATISFIED,60.6661,164.0,3373.47
TS-Si-LM,P12,157,6,SATISFIED,60.6879,165.0,3394.38
TS-Si-LM,P12,157,7,SATISFIED,60.6737,165.0,3413.62
TS-Si-LM,P12,157,8,SATISFIED,60.6822,166.0,3417.47
TS-Si-LM,P12,157,9,SATISFIED,60.7679,165.0,3365.5
TS-Si-LM,P12,157,10,SATISFIED,60.674,165.0,3387.56
TS-Si-LM,P13,192,1,SATISFIED,60.5346,228.0,2901.31
TS-Si-LM,P13,192,2,SATISFIED,60.8751,227.0,2880.28
TS-Si-LM,P13,192,3,SATISFIED,60.9916,227.0,2899.69
TS-Si-LM,P13,192,4,SATISFIED,60.8316,227.0,2878.38
TS-Si-LM,P13,192,5,SATISFIED,60.8467,227.0,2939.25
TS-Si-LM,P13,192,6,SATISFIED,60.8329,227.0,2914.22
TS-Si-LM,P13,192,7,SATISFIED,60.8441,227.0,2882.5
TS-Si-LM,P13,192,8,SATISFIED,60.9718,228.0,2910.94
TS-Si-LM,P13,192,9,SATISFIED,60.8654,227.0,2948.81
TS-Si-LM,P13,192,10,SATISFIED,60.5064,228.0,2897.12
TS-Si-LM,P14,208,1,SATISFIED,61.1246,221.0,2947.38
TS-Si-LM,P14,208,2,SATISFIED,60.9326,221.0,2929.03
TS-Si-LM,P14,208,3,SATISFIED,60.5337,221.0,2901.56
TS-Si-LM,P14,208,4,SATISFIED,60.9211,221.0,2915.28
TS-Si-LM,P14,208,5,SATISFIED,60.9447,221.0,2936.62
TS-Si-LM,P14,208,6,SATISFIED,60.6444,221.0,2947.5
TS-Si-LM,P14,208,7,SATISFIED,60.9238,221.0,2931.78
TS-Si-LM,P14,208,8,SATISFIED,60.971,221.0,2957.38
TS-Si-LM,P14,208,9,SATISFIED,60.9178,221.0,2939.59
TS-Si-LM,P14,208,10,SATISFIED,61.0345,221.0,2989.44
TS-Si-LM,P15,220,1,SATISFIED,60.995,228.0,2802.22
TS-Si-LM,P15,220,2,SATISFIED,60.9812,228.0,2794.19
TS-Si-LM,P15,220,3,SATISFIED,61.1914,228.0,2770.19
TS-Si-LM,P15,220,4,SATISFIED,60.9935,228.0,2753.34
TS-Si-LM,P15,220,5,SATISFIED,61.0157,228.0,2755.53
TS-Si-LM,P15,220,6,SATISFIED,60.9851,228.0,2809.56
TS-Si-LM,P15,220,7,SATISFIED,61.2008,228.0,2780.25
TS-Si-LM,P15,220,8,SATISFIED,60.9702,228.0,2771.97
TS-Si-LM,P15,220,9,SATISFIED,60.9868,228.0,2753.81
TS-Si-LM,P15,220,10,SATISFIED,61.003,228.0,2793.97
TS-Si-LM,P16,226,1,SATISFIED,61.1243,233.0,2784.69
TS-Si-LM,P16,226,2,SATISFIED,61.0221,233.0,2790.5
TS-Si-LM,P16,226,3,SATISFIED,61.0501,233.0,2822.06
TS-Si-LM,P16,226,4,SATISFIED,61.1858,233.0,2843.06
TS-Si-LM,P16,226,5,SATISFIED,61.0096,234.0,2790.44
TS-Si-LM,P16,226,6,SATISFIED,61.0218,233.0,2785.56
TS-Si-LM,P16,226,7,SATISFIED,61.027,233.0,2755.5
TS-Si-LM,P16,226,8,SATISFIED,61.2213,233.0,2795.34
TS-Si-LM,P16,226,9,SATISFIED,60.6254,233.0,2793.81
TS-Si-LM,P16,226,10,SATISFIED,61.038,233.0,2757.41
TS-Si-LM,P17,98,1,SATISFIED,60.4344,94.0,3468.25
TS-Si-LM,P17,98,2,SATISFIED,60.4486,94.0,3476.5
TS-Si-LM,P17,98,3,SATISFIED,60.5107,94.0,3465.22
TS-Si-LM,P17,98,4,SATISFIED,60.4276,94.0,3508.81
TS-Si-LM,P17,98,5,SATISFIED,60.4283,94.0,3519.22
TS-Si-LM,P17,98,6,SATISFIED,60.4438,94.0,3494.56
TS-Si-LM,P17,98,7,SATISFIED,60.4529,94.0,3458.5
TS-Si-LM,P17,98,8,SATISFIED,60.4364,94.0,3432.75
TS-Si-LM,P17,98,9,SATISFIED,60.4283,94.0,3459.34
TS-Si-LM,P17,98,10,SATISFIED,60.4946,94.0,3505.75
TS-Si-LM,P18,110,1,SATISFIED,60.464,104.0,3367.62
TS-Si-LM,P18,110,2,SATISFIED,60.5085,104.0,3391.09
TS-Si-LM,P18,110,3,SATISFIED,60.3317,104.0,3366.06
TS-Si-LM,P18,110,4,SATISFIED,60.4901,104.0,3323.66
TS-Si-LM,P18,110,5,SATISFIED,60.4901,104.0,3352.16
TS-Si-LM,P18,110,6,SATISFIED,60.6383,104.0,3392.19
TS-Si-LM,P18,110,7,SATISFIED,60.468,104.0,3397.62
TS-Si-LM,P18,110,8,SATISFIED,60.4741,104.0,3412.47
TS-Si-LM,P18,110,9,SATISFIED,60.4771,104.0,3257.38
TS-Si-LM,P18,110,10,SATISFIED,60.4834,104.0,3348.84
TS-Si-LM,P19,116,1,SATISFIED,60.5035,87.0,3537.72
TS-Si-LM,P19,116,2,SATISFIED,60.5085,87.0,3340.94
TS-Si-LM,P19,116,3,SATISFIED,60.513,88.0,3400.44
TS-Si-LM,P19,116,4,SATISFIED,60.2817,86.0,3430.88
TS-Si-LM,P19,116,5,SATISFIED,60.5235,88.0,3460.09
TS-Si-LM,P19,116,6,SATISFIED,60.5138,88.0,3417.41
TS-Si-LM,P19,116,7,SATISFIED,60.4968,87.0,3557.91
TS-Si-LM,P19,116,8,SATISFIED,60.5117,87.0,3510.66
TS-Si-LM,P19,116,9,SATISFIED,60.6407,89.0,3451.72
TS-Si-LM,P19,116,10,SATISFIED,60.5133,90.0,3390.31
TS-Si-LM,P20,117,1,SATISFIED,60.5064,102.0,3413.03
TS-Si-LM,P20,117,2,SATISFIED,60.499,98.0,3428.53
TS-Si-LM,P20,117,3,SATISFIED,60.494,99.0,3450.91
TS-Si-LM,P20,117,4,SATISFIED,60.2916,102.0,3420.53
TS-Si-LM,P20,117,5,SATISFIED,60.6895,101.0,3403.0
TS-Si-LM,P20,117,6,SATISFIED,60.49,98.0,3412.75
TS-Si-LM,P20,117,7,SATISFIED,60.5025,102.0,3369.69
TS-Si-LM,P20,117,8,SATISFIED,60.5106,98.0,3378.84
TS-Si-LM,P20,117,9,SATISFIED,60.4876,102.0,3481.06
TS-Si-LM,P20,117,10,SATISFIED,60.5153,100.0,3390.69
TS-Si-LM,P21,130,1,SATISFIED,60.6851,108.0,3232.31
TS-Si-LM,P21,130,2,SATISFIED,60.4174,110.0,3199.75
TS-Si-LM,P21,130,3,SATISFIED,60.5474,108.0,3241.12
TS-Si-LM,P21,130,4,SATISFIED,60.5688,110.0,3183.81
TS-Si-LM,P21,130,5,SATISFIED,60.5371,108.0,3228.03
TS-Si-LM,P21,130,6,SATISFIED,60.5613,108.0,3259.25
TS-Si-LM,P21,130,7,SATISFIED,60.4544,108.0,3241.91
TS-Si-LM,P21,130,8,SATISFIED,60.5573,108.0,3202.22
TS-Si-LM,P21,130,9,SATISFIED,60.5695,108.0,3233.56
TS-Si-LM,P21,130,10,SATISFIED,60.5713,108.0,3234.5
TS-Si-LM,P22,145,1,SATISFIED,60.6306,122.0,3275.16
TS-Si-LM,P22,145,2,SATISFIED,60.7658,124.0,3278.44
TS-Si-LM,P22,145,3,SATISFIED,60.3842,124.0,3310.59
TS-Si-LM,P22,145,4,SATISFIED,60.6246,124.0,3321.19
TS-Si-LM,P22,145,5,SATISFIED,60.6149,124.0,3263.66
TS-Si-LM,P22,145,6,SATISFIED,60.6009,122.0,3309.25
TS-Si-LM,P22,145,7,SATISFIED,60.6534,122.0,3287.22
TS-Si-LM,P22,145,8,SATISFIED,60.7391,122.0,3186.84
TS-Si-LM,P22,145,9,SATISFIED,60.6274,124.0,3222.69
TS-Si-LM,P22,145,10,SATISFIED,60.5569,122.0,3232.62
TS-Si-LM,P23,195,1,SATISFIED,60.8629,144.0,2756.56
TS-Si-LM,P23,195,2,SATISFIED,61.0383,146.0,2689.09
TS-Si-LM,P23,195,3,SATISFIED,60.8438,149.0,2740.0
TS-Si-LM,P23,195,4,SATISFIED,60.8511,147.0,2738.03
TS-Si-LM,P23,195,5,SATISFIED,60.8617,148.0,2826.03
TS-Si-LM,P23,195,6,SATISFIED,60.9979,146.0,2822.28
TS-Si-LM,P23,195,7,SATISFIED,60.8517,145.0,2810.81
TS-Si-LM,P23,195,8,SATISFIED,60.838,146.0,2788.78
TS-Si-LM,P23,195,9,SATISFIED,60.8447,142.0,2802.91
TS-Si-LM,P23,195,10,SATISFIED,60.8653,143.0,2762.97
TS-Si-LM,P24,200,1,SATISFIED,60.67,171.0,2736.03
TS-Si-LM,P24,200,2,SATISFIED,60.9182,171.0,2735.16
TS-Si-LM,P24,200,3,SATISFIED,60.8945,171.0,2702.75
TS-Si-LM,P24,200,4,SATISFIED,61.0484,171.0,2747.28
TS-Si-LM,P24,200,5,SATISFIED,60.8836,171.0,2763.28
TS-Si-LM,P24,200,6,SATISFIED,60.9102,171.0,2743.31
TS-Si-LM,P24,200,7,SATISFIED,60.8849,171.0,2745.47
TS-Si-LM,P24,200,8,SATISFIED,60.6692,171.0,2738.81
TS-Si-LM,P24,200,9,SATISFIED,60.8812,171.0,2744.16
TS-Si-LM,P24,200,10,SATISFIED,60.8842,171.0,2741.72
TS-Si-LM,P25,217,1,SATISFIED,60.9746,177.0,2482.0
TS-Si-LM,P25,217,2,SATISFIED,61.1839,177.0,2475.22
TS-Si-LM,P25,217,3,SATISFIED,60.9881,177.0,2550.25
TS-Si-LM,P25,217,4,SATISFIED,61.0027,177.0,2549.91
TS-Si-LM,P25,217,5,SATISFIED,60.5887,177.0,2513.78
TS-Si-LM,P25,217,6,SATISFIED,61.0944,177.0,2505.81
TS-Si-LM,P25,217,7,SATISFIED,60.9942,177.0,2537.38
TS-Si-LM,P25,217,8,SATISFIED,60.848,177.0,2592.25
TS-Si-LM,P25,217,9,SATISFIED,61.0032,177.0,2507.12
TS-Si-LM,P25,217,10,SATISFIED,61.0563,177.0,2524.5
TS-Si-LM,P26,226,1,SATISFIED,61.0215,199.0,2476.56
TS-Si-LM,P26,226,2,SATISFIED,61.0474,199.0,2461.0
TS-Si-LM,P26,226,3,SATISFIED,61.1363,199.0,2521.72
TS-Si-LM,P26,226,4,SATISFIED,61.0283,199.0,2488.09
TS-Si-LM,P26,226,5,SATISFIED,61.0136,199.0,2457.41
TS-Si-LM,P26,226,6,SATISFIED,60.6327,199.0,2462.78
TS-Si-LM,P26,226,7,SATISFIED,61.1371,199.0,2465.59
TS-Si-LM,P26,226,8,SATISFIED,61.0635,199.0,2504.12
TS-Si-LM,P26,226,9,SATISFIED,61.0663,199.0,2471.88
TS-Si-LM,P26,226,10,SATISFIED,61.1702,199.0,2479.94
TS-Si-LM,P27,263,1,SATISFIED,61.2502,205.0,2240.78
TS-Si-LM,P27,263,2,SATISFIED,61.2717,205.0,2244.44
TS-Si-LM,P27,263,3,SATISFIED,60.9059,205.0,2226.75
TS-Si-LM,P27,263,4,SATISFIED,61.254,205.0,2259.0
TS-Si-LM,P27,263,5,SATISFIED,61.259,205.0,2238.03
TS-Si-LM,P27,263,6,SATISFIED,61.4391,205.0,2242.31
TS-Si-LM,P27,263,7,SATISFIED,61.305,205.0,2193.28
TS-Si-LM,P27,263,8,SATISFIED,61.3084,205.0,2223.31
TS-Si-LM,P27,263,9,SATISFIED,61.2772,205.0,2242.94
TS-Si-LM,P27,263,10,SATISFIED,61.3084,205.0,2231.5
TS-Si-LM,P28,269,1,SATISFIED,60.9791,215.0,2266.88
TS-Si-LM,P28,269,2,SATISFIED,61.44,215.0,2215.84
TS-Si-LM,P28,269,3,SATISFIED,61.2875,215.0,2234.03
TS-Si-LM,P28,269,4,SATISFIED,61.3268,215.0,2258.5
TS-Si-LM,P28,269,5,SATISFIED,61.3004,215.0,2233.0
TS-Si-LM,P28,269,6,SATISFIED,61.34,215.0,2216.34
TS-Si-LM,P28,269,7,SATISFIED,60.738,215.0,2220.09
TS-Si-LM,P28,269,8,SATISFIED,61.3206,215.0,2238.88
TS-Si-LM,P28,269,9,SATISFIED,61.3953,215.0,2230.81
TS-Si-LM,P28,269,10,SATISFIED,61.2807,215.0,2258.84
SA-Si-LM,P1,63,1,SATISFIED,60.3303,77.0,676365.53
SA-Si-LM,P1,63,2,SATISFIED,60.3221,77.0,664964.56
SA-Si-LM,P1,63,3,SATISFIED,60.3175,77.0,673164.75
SA-Si-LM,P1,63,4,SATISFIED,60.4936,77.0,668452.47
SA-Si-LM,P1,63,5,SATISFIED,60.1663,77.0,668867.62
SA-Si-LM,P1,63,6,SATISFIED,60.2974,77.0,673506.0
SA-Si-LM,P1,63,7,SATISFIED,60.3154,77.0,664936.12
SA-Si-LM,P1,63,8,SATISFIED,60.3067,77.0,666852.19
SA-Si-LM,P1,63,9,SATISFIED,60.333,77.0,674344.12
SA-Si-LM,P1,63,10,SATISFIED,60.3259,77.0,663613.44
SA-Si-LM,P2,74,1,SATISFIED,60.3862,90.0,622162.22
SA-Si-LM,P2,74,2,SATISFIED,60.1947,90.0,627634.19
SA-Si-LM,P2,74,3,SATISFIED,60.3463,90.0,624641.53
SA-Si-LM,P2,74,4,SATISFIED,60.5166,90.0,625383.81
SA-Si-LM,P2,74,5,SATISFIED,60.328,90.0,617303.12
SA-Si-LM,P2,74,6,SATISFIED,60.3626,90.0,624527.84
SA-Si-LM,P2,74,7,SATISFIED,60.397,90.0,624768.53
SA-Si-LM,P2,74,8,SATISFIED,60.3526,90.0,635241.62
SA-Si-LM,P2,74,9,SATISFIED,60.3479,90.0,629092.59
SA-Si-LM,P2,74,10,SATISFIED,60.3514,90.0,628641.97
SA-Si-LM,P3,83,1,SATISFIED,60.2877,100.0,596696.91
SA-Si-LM,P3,83,2,SATISFIED,60.3954,100.0,595957.97
SA-Si-LM,P3,83,3,SATISFIED,60.5079,100.0,593892.88
SA-Si-LM,P3,83,4,SATISFIED,60.366,100.0,593899.47
SA-Si-LM,P3,83,5,SATISFIED,60.3704,100.0,598124.19
SA-Si-LM,P3,83,6,SATISFIED,60.3846,100.0,612430.31
SA-Si-LM,P3,83,7,SATISFIED,60.3871,100.0,597948.03
SA-Si-LM,P3,83,8,SATISFIED,60.3874,100.0,605509.75
SA-Si-LM,P3,83,9,SATISFIED,60.3859,100.0,597229.88
SA-Si-LM,P3,83,10,SATISFIED,60.3907,100.0,598241.12
SA-Si-LM,P4,86,1,SATISFIED,60.5369,110.0,588046.22
SA-Si-LM,P4,86,2,SATISFIED,60.3774,110.0,586790.72
SA-Si-LM,P4,86,3,SATISFIED,60.4105,110.0,588077.72
SA-Si-LM,P4,86,4,SATISFIED,60.3921,110.0,589108.28
SA-Si-LM,P4,86,5,SATISFIED,60.3846,110.0,595499.09
SA-Si-LM,P4,86,6,SATISFIED,60.3986,110.0,598667.0
SA-Si-LM,P4,86,7,SATISFIED,60.3968,110.0,588354.81
SA-Si-LM,P4,86,8,SATISFIED,60.3818,110.0,605158.09
SA-Si-LM,P4,86,9,SATISFIED,60.6021,110.0,595800.16
SA-Si-LM,P4,86,10,SATISFIED,60.3539,110.0,590244.28
SA-Si-LM,P5,92,1,SATISFIED,60.3958,135.0,578745.16
SA-Si-LM,P5,92,2,SATISFIED,60.3936,135.0,586018.19
SA-Si-LM,P5,92,3,SATISFIED,60.4084,135.0,579992.84
SA-Si-LM,P5,92,4,SATISFIED,60.4087,135.0,577450.12
SA-Si-LM,P5,92,5,SATISFIED,60.4131,135.0,579367.62
SA-Si-LM,P5,92,6,SATISFIED,60.406,135.0,583105.66
SA-Si-LM,P5,92,7,SATISFIED,60.4149,135.0,584600.53
SA-Si-LM,P5,92,8,SATISFIED,60.23,135.0,584504.22
SA-Si-LM,P5,92,9,SATISFIED,60.3888,135.0,585424.28
SA-Si-LM,P5,92,10,SATISFIED,60.2224,135.0,583051.03
SA-Si-LM,P6,99,1,SATISFIED,60.4192,125.0,565695.09
SA-Si-LM,P6,99,2,SATISFIED,60.4164,125.0,558976.91
SA-Si-LM,P6,99,3,SATISFIED,60.4253,125.0,557632.59
SA-Si-LM,P6,99,4,SATISFIED,60.2809,125.0,561398.72
SA-Si-LM,P6,99,5,SATISFIED,60.5209,125.0,548456.12
SA-Si-LM,P6,99,6,SATISFIED,60.4101,125.0,555312.59
SA-Si-LM,P6,99,7,SATISFIED,60.4208,125.0,562024.97
SA-Si-LM,P6,99,8,SATISFIED,60.4343,125.0,563365.0
SA-Si-LM,P6,99,9,SATISFIED,60.4234,125.0,563242.62
SA-Si-LM,P6,99,10,SATISFIED,60.424,125.0,554233.59
SA-Si-LM,P7,106,1,SATISFIED,60.4402,118.0,531931.31
SA-Si-LM,P7,106,2,SATISFIED,60.603,118.0,541444.31
SA-Si-LM,P7,106,3,SATISFIED,60.435,118.0,534725.34
SA-Si-LM,P7,106,4,SATISFIED,60.4379,118.0,544074.34
SA-Si-LM,P7,106,5,SATISFIED,60.4351,118.0,535885.81
SA-Si-LM,P7,106,6,SATISFIED,60.4443,118.0,546917.97
SA-Si-LM,P7,106,7,SATISFIED,60.2854,118.0,550802.59
SA-Si-LM,P7,106,8,SATISFIED,60.4636,118.0,548574.03
SA-Si-LM,P7,106,9,SATISFIED,60.5834,118.0,544341.31
SA-Si-LM,P7,106,10,SATISFIED,60.4314,118.0,539856.34
SA-Si-LM,P8,111,1,SATISFIED,60.4874,131.0,533440.38
SA-Si-LM,P8,111,2,SATISFIED,60.4749,129.0,527127.59
SA-Si-LM,P8,111,3,SATISFIED,60.4845,129.0,539267.88
SA-Si-LM,P8,111,4,SATISFIED,60.4824,132.0,528359.97
SA-Si-LM,P8,111,5,SATISFIED,60.5003,132.0,532783.56
SA-Si-LM,P8,111,6,SATISFIED,60.5799,129.0,528025.25
SA-Si-LM,P8,111,7,SATISFIED,60.4733,132.0,529360.19
SA-Si-LM,P8,111,8,SATISFIED,60.482,130.0,527374.56
SA-Si-LM,P8,111,9,SATISFIED,60.4652,131.0,535614.56
SA-Si-LM,P8,111,10,SATISFIED,60.4655,130.0,519772.25
SA-Si-LM,P9,119,1,SATISFIED,60.502,134.0,512129.03
SA-Si-LM,P9,119,2,SATISFIED,60.6196,134.0,511112.78
SA-Si-LM,P9,119,3,SATISFIED,60.4122,134.0,503964.12
SA-Si-LM,P9,119,4,SATISFIED,60.5059,134.0,511077.0
SA-Si-LM,P9,119,5,SATISFIED,60.5145,134.0,513481.09
SA-Si-LM,P9,119,6,SATISFIED,60.501,134.0,506436.56
SA-Si-LM,P9,119,7,SATISFIED,60.4968,134.0,509514.41
SA-Si-LM,P9,119,8,SATISFIED,60.6363,134.0,506366.53
SA-Si-LM,P9,119,9,SATISFIED,60.4905,134.0,505474.75
SA-Si-LM,P9,119,10,SATISFIED,60.5056,134.0,518209.53
SA-Si-LM,P10,123,1,SATISFIED,60.5246,155.0,498898.19
SA-Si-LM,P10,123,2,SATISFIED,60.5464,155.0,500809.78
SA-Si-LM,P10,123,3,SATISFIED,60.601,155.0,502362.69
SA-Si-LM,P10,123,4,SATISFIED,60.5105,155.0,500049.84
SA-Si-LM,P10,123,5,SATISFIED,60.6061,155.0,501934.16
SA-Si-LM,P10,123,6,SATISFIED,60.5114,155.0,504477.62
SA-Si-LM,P10,123,7,SATISFIED,60.5281,155.0,500370.31
SA-Si-LM,P10,123,8,SATISFIED,60.5209,155.0,502261.25
SA-Si-LM,P10,123,9,SATISFIED,60.5222,155.0,501704.47
SA-Si-LM,P10,123,10,SATISFIED,60.5151,155.0,504192.72
SA-Si-LM,P11,146,1,SATISFIED,60.7145,171.0,459201.25
SA-Si-LM,P11,146,2,SATISFIED,60.6033,171.0,451257.25
SA-Si-LM,P11,146,3,SATISFIED,60.6068,171.0,453770.41
SA-Si-LM,P11,146,4,SATISFIED,60.3784,171.0,458991.81
SA-Si-LM,P11,146,5,SATISFIED,60.6145,171.0,459045.97
SA-Si-LM,P11,146,6,SATISFIED,60.7774,171.0,453764.31
SA-Si-LM,P11,146,7,SATISFIED,60.6015,171.0,457171.91
SA-Si-LM,P11,146,8,SATISFIED,60.6154,171.0,454636.72
SA-Si-LM,P11,146,9,SATISFIED,60.6203,171.0,456958.72
SA-Si-LM,P11,146,10,SATISFIED,60.344,171.0,455103.34
SA-Si-LM,P12,157,1,SATISFIED,60.5381,163.0,430206.59
SA-Si-LM,P12,157,2,SATISFIED,60.3787,163.0,436268.38
SA-Si-LM,P12,157,3,SATISFIED,60.4027,163.0,437436.91
SA-Si-LM,P12,157,4,SATISFIED,60.6743,163.0,421708.75
SA-Si-LM,P12,157,5,SATISFIED,60.653,163.0,417456.5
SA-Si-LM,P12,157,6,SATISFIED,60.6626,163.0,423988.75
SA-Si-LM,P12,157,7,SATISFIED,60.7812,163.0,425484.0
SA-Si-LM,P12,157,8,SATISFIED,60.6359,163.0,426433.59
SA-Si-LM,P12,157,9,SATISFIED,60.661,163.0,424070.5
SA-Si-LM,P12,157,10,SATISFIED,60.665,163.0,420945.75
SA-Si-LM,P13,192,1,SATISFIED,60.9929,228.0,371410.0
SA-Si-LM,P13,192,2,SATISFIED,60.8227,228.0,375294.78
SA-Si-LM,P13,192,3,SATISFIED,60.8242,227.0,372646.03
SA-Si-LM,P13,192,4,SATISFIED,60.8327,227.0,370451.62
SA-Si-LM,P13,192,5,SATISFIED,60.9834,227.0,375514.06
SA-Si-LM,P13,192,6,SATISFIED,60.8132,228.0,370643.34
SA-Si-LM,P13,192,7,SATISFIED,60.4816,227.0,371898.88
SA-Si-LM,P13,192,8,SATISFIED,60.8225,228.0,371523.75
SA-Si-LM,P13,192,9,SATISFIED,60.8296,228.0,370687.94
SA-Si-LM,P13,192,10,SATISFIED,60.9037,228.0,372420.03
SA-Si-LM,P14,208,1,SATISFIED,60.9155,221.0,352013.66
SA-Si-LM,P14,208,2,SATISFIED,60.927,221.0,351510.69
SA-Si-LM,P14,208,3,SATISFIED,61.0798,221.0,350029.88
SA-Si-LM,P14,208,4,SATISFIED,60.9081,221.0,348551.09
SA-Si-LM,P14,208,5,SATISFIED,60.5254,221.0,354193.5
SA-Si-LM,P14,208,6,SATISFIED,60.9075,221.0,356071.19
SA-Si-LM,P14,208,7,SATISFIED,61.0558,221.0,354002.41
SA-Si-LM,P14,208,8,SATISFIED,60.8974,221.0,351272.34
SA-Si-LM,P14,208,9,SATISFIED,60.9597,221.0,349961.25
SA-Si-LM,P14,208,10,SATISFIED,60.8707,221.0,347738.22
SA-Si-LM,P15,220,1,SATISFIED,61.1141,228.0,336677.5
SA-Si-LM,P15,220,2,SATISFIED,60.9829,228.0,334683.94
SA-Si-LM,P15,220,3,SATISFIED,60.9722,228.0,338676.62
SA-Si-LM,P15,220,4,SATISFIED,60.9824,228.0,334768.94
SA-Si-LM,P15,220,5,SATISFIED,61.0579,228.0,336784.66
SA-Si-LM,P15,220,6,SATISFIED,60.5404,228.0,335195.69
SA-Si-LM,P15,220,7,SATISFIED,60.9943,228.0,336695.75
SA-Si-LM,P15,220,8,SATISFIED,60.9973,228.0,333763.69
SA-Si-LM,P15,220,9,SATISFIED,61.1272,228.0,332834.06
SA-Si-LM,P15,220,10,SATISFIED,60.9632,228.0,331521.97
SA-Si-LM,P16,226,1,SATISFIED,60.5534,233.0,330230.84
SA-Si-LM,P16,226,2,SATISFIED,60.7312,233.0,327472.38
SA-Si-LM,P16,226,3,SATISFIED,61.0177,233.0,327932.59
SA-Si-LM,P16,226,4,SATISFIED,61.0018,233.0,329952.19
SA-Si-LM,P16,226,5,SATISFIED,61.0256,233.0,331722.84
SA-Si-LM,P16,226,6,SATISFIED,61.1943,233.0,331884.16
SA-Si-LM,P16,226,7,SATISFIED,60.5582,233.0,333513.75
SA-Si-LM,P16,226,8,SATISFIED,61.0316,233.0,328771.25
SA-Si-LM,P16,226,9,SATISFIED,60.7839,233.0,331327.47
SA-Si-LM,P16,226,10,SATISFIED,61.2282,233.0,328636.59
SA-Si-LM,P17,98,1,SATISFIED,60.4257,94.0,549332.28
SA-Si-LM,P17,98,2,SATISFIED,60.4272,94.0,549910.56
SA-Si-LM,P17,98,3,SATISFIED,60.4254,94.0,557956.66
SA-Si-LM,P17,98,4,SATISFIED,60.4219,94.0,549578.75
SA-Si-LM,P17,98,5,SATISFIED,60.429,94.0,554960.06
SA-Si-LM,P17,98,6,SATISFIED,60.5857,94.0,550832.97
SA-Si-LM,P17,98,7,SATISFIED,60.4157,94.0,543668.41
SA-Si-LM,P17,98,8,SATISFIED,60.4308,94.0,549786.47
SA-Si-LM,P17,98,9,SATISFIED,60.4252,94.0,545482.62
SA-Si-LM,P17,98,10,SATISFIED,60.4221,94.0,551651.69
SA-Si-LM,P18,110,1,SATISFIED,60.4689,104.0,521489.22
SA-Si-LM,P18,110,2,SATISFIED,60.4689,104.0,523765.44
SA-Si-LM,P18,110,3,SATISFIED,60.5237,104.0,516803.59
SA-Si-LM,P18,110,4,SATISFIED,60.4594,104.0,524847.75
SA-Si-LM,P18,110,5,SATISFIED,60.4773,104.0,522151.31
SA-Si-LM,P18,110,6,SATISFIED,60.2605,104.0,518721.12
SA-Si-LM,P18,110,7,SATISFIED,60.4604,104.0,522518.44
SA-Si-LM,P18,110,8,SATISFIED,60.2599,104.0,530927.97
SA-Si-LM,P18,110,9,SATISFIED,60.6135,104.0,519821.97
SA-Si-LM,P18,110,10,SATISFIED,60.4523,104.0,516735.69
SA-Si-LM,P19,116,1,SATISFIED,60.4811,86.0,505989.47
SA-Si-LM,P19,116,2,SATISFIED,60.4948,86.0,503417.28
SA-Si-LM,P19,116,3,SATISFIED,60.4915,86.0,502409.38
SA-Si-LM,P19,116,4,SATISFIED,60.3146,86.0,503360.91
SA-Si-LM,P19,116,5,SATISFIED,60.4402,88.0,500491.84
SA-Si-LM,P19,116,6,SATISFIED,60.5055,86.0,508873.06
SA-Si-LM,P19,116,7,SATISFIED,60.5195,88.0,507363.09
SA-Si-LM,P19,116,8,SATISFIED,60.4816,88.0,511579.84
SA-Si-LM,P19,116,9,SATISFIED,60.4913,86.0,507117.59
SA-Si-LM,P19,116,10,SATISFIED,60.4814,86.0,501320.81
SA-Si-LM,P20,117,1,SATISFIED,60.4892,102.0,501842.47
SA-Si-LM,P20,117,2,SATISFIED,60.5455,102.0,502374.22
SA-Si-LM,P20,117,3,SATISFIED,60.4848,102.0,502475.53
SA-Si-LM,P20,117,4,SATISFIED,60.504,102.0,510171.59
SA-Si-LM,P20,117,5,SATISFIED,60.495,102.0,509757.53
SA-Si-LM,P20,117,6,SATISFIED,60.4894,102.0,504505.88
SA-Si-LM,P20,117,7,SATISFIED,60.4939,102.0,505265.81
SA-Si-LM,P20,117,8,SATISFIED,60.6231,102.0,505483.72
SA-Si-LM,P20,117,9,SATISFIED,60.4867,102.0,501362.38
SA-Si-LM,P20,117,10,SATISFIED,60.5206,100.0,504294.97
SA-Si-LM,P21,130,1,SATISFIED,60.5326,108.0,479868.34
SA-Si-LM,P21,130,2,SATISFIED,60.5364,108.0,480744.5
SA-Si-LM,P21,130,3,SATISFIED,60.5418,108.0,478647.62
SA-Si-LM,P21,130,4,SATISFIED,60.6855,108.0,482928.56
SA-Si-LM,P21,130,5,SATISFIED,60.541,108.0,472947.88
SA-Si-LM,P21,130,6,SATISFIED,60.539,108.0,480430.38
SA-Si-LM,P21,130,7,SATISFIED,60.5671,108.0,477053.69
SA-Si-LM,P21,130,8,SATISFIED,60.5518,108.0,475525.19
SA-Si-LM,P21,130,9,SATISFIED,60.5753,108.0,479628.22
SA-Si-LM,P21,130,10,SATISFIED,60.6217,108.0,477334.69
SA-Si-LM,P22,145,1,SATISFIED,60.595,124.0,452696.31
SA-Si-LM,P22,145,2,SATISFIED,60.6031,124.0,447893.69
SA-Si-LM,P22,145,3,SATISFIED,60.3727,124.0,447759.88
SA-Si-LM,P22,145,4,SATISFIED,60.6079,124.0,447781.91
SA-Si-LM,P22,145,5,SATISFIED,60.7382,124.0,448055.84
SA-Si-LM,P22,145,6,SATISFIED,60.5952,124.0,451957.0
SA-Si-LM,P22,145,7,SATISFIED,60.3635,124.0,455280.59
SA-Si-LM,P22,145,8,SATISFIED,60.3434,124.0,449011.91
SA-Si-LM,P22,145,9,SATISFIED,60.3274,124.0,445672.41
SA-Si-LM,P22,145,10,SATISFIED,60.5136,124.0,445153.09
SA-Si-LM,P23,195,1,SATISFIED,60.8253,148.0,363559.78
SA-Si-LM,P23,195,2,SATISFIED,60.8475,146.0,358957.25
SA-Si-LM,P23,195,3,SATISFIED,60.4871,147.0,365240.03
SA-Si-LM,P23,195,4,SATISFIED,61.0218,147.0,364462.78
SA-Si-LM,P23,195,5,SATISFIED,60.8356,146.0,365535.94
SA-Si-LM,P23,195,6,SATISFIED,60.5121,148.0,364949.09
SA-Si-LM,P23,195,7,SATISFIED,60.8564,148.0,365888.34
SA-Si-LM,P23,195,8,SATISFIED,60.9673,148.0,364718.62
SA-Si-LM,P23,195,9,SATISFIED,60.4647,148.0,364420.91
SA-Si-LM,P23,195,10,SATISFIED,60.8436,147.0,363618.91
SA-Si-LM,P24,200,1,SATISFIED,60.8664,171.0,354712.94
SA-Si-LM,P24,200,2,SATISFIED,61.024,171.0,354283.28
SA-Si-LM,P24,200,3,SATISFIED,60.8541,171.0,353496.59
SA-Si-LM,P24,200,4,SATISFIED,60.8648,171.0,361918.09
SA-Si-LM,P24,200,5,SATISFIED,60.8581,171.0,359280.75
SA-Si-LM,P24,200,6,SATISFIED,61.0242,171.0,358498.97
SA-Si-LM,P24,200,7,SATISFIED,60.8897,171.0,361874.62
SA-Si-LM,P24,200,8,SATISFIED,60.4943,171.0,357648.47
SA-Si-LM,P24,200,9,SATISFIED,60.8762,171.0,359334.94
SA-Si-LM,P24,200,10,SATISFIED,61.0257,171.0,354498.66
SA-Si-LM,P25,217,1,SATISFIED,60.9485,177.0,336164.31
SA-Si-LM,P25,217,2,SATISFIED,60.9672,177.0,338947.03
SA-Si-LM,P25,217,3,SATISFIED,60.9607,177.0,335066.66
SA-Si-LM,P25,217,4,SATISFIED,61.0797,177.0,336112.12
SA-Si-LM,P25,217,5,SATISFIED,60.9521,177.0,339192.5
SA-Si-LM,P25,217,6,SATISFIED,60.9676,177.0,341095.56
SA-Si-LM,P25,217,7,SATISFIED,60.9625,177.0,339318.88
SA-Si-LM,P25,217,8,SATISFIED,61.0709,177.0,343569.62
SA-Si-LM,P25,217,9,SATISFIED,60.9537,177.0,343363.69
SA-Si-LM,P25,217,10,SATISFIED,60.9822,177.0,340375.19
SA-Si-LM,P26,226,1,SATISFIED,61.1598,199.0,328047.41
SA-Si-LM,P26,226,2,SATISFIED,60.5687,199.0,325550.88
SA-Si-LM,P26,226,3,SATISFIED,61.0365,199.0,327558.81
SA-Si-LM,P26,226,4,SATISFIED,61.0159,199.0,330532.91
SA-Si-LM,P26,226,5,SATISFIED,60.7328,199.0,331839.53
SA-Si-LM,P26,226,6,SATISFIED,61.0332,199.0,324876.19
SA-Si-LM,P26,226,7,SATISFIED,61.0221,199.0,328207.31
SA-Si-LM,P26,226,8,SATISFIED,61.1954,199.0,326594.22
SA-Si-LM,P26,226,9,SATISFIED,60.9969,199.0,330619.09
SA-Si-LM,P26,226,10,SATISFIED,61.0136,199.0,329908.28
SA-Si-LM,P27,263,1,SATISFIED,61.2338,205.0,285745.44
SA-Si-LM,P27,263,2,SATISFIED,60.9006,205.0,286794.56
SA-Si-LM,P27,263,3,SATISFIED,61.225,205.0,283762.09
SA-Si-LM,P27,263,4,SATISFIED,61.2384,205.0,287724.28
SA-Si-LM,P27,263,5,SATISFIED,61.3763,205.0,286383.03
SA-Si-LM,P27,263,6,SATISFIED,61.2228,205.0,284788.62
SA-Si-LM,P27,263,7,SATISFIED,61.245,205.0,278947.62
SA-Si-LM,P27,263,8,SATISFIED,61.3811,205.0,284528.12
SA-Si-LM,P27,263,9,SATISFIED,61.2356,205.0,288278.75
SA-Si-LM,P27,263,10,SATISFIED,61.2302,205.0,285143.69
SA-Si-LM,P28,269,1,SATISFIED,61.3915,217.0,276803.53
SA-Si-LM,P28,269,2,SATISFIED,61.268,217.0,276089.88
SA-Si-LM,P28,269,3,SATISFIED,61.2754,215.0,275876.88
SA-Si-LM,P28,269,4,SATISFIED,61.3708,217.0,276377.78
SA-Si-LM,P28,269,5,SATISFIED,61.2651,217.0,277694.06
SA-Si-LM,P28,269,6,SATISFIED,61.2867,217.0,280066.09
SA-Si-LM,P28,269,7,SATISFIED,61.4366,217.0,279432.47
SA-Si-LM,P28,269,8,SATISFIED,61.2707,215.0,278386.91
SA-Si-LM,P28,269,9,SATISFIED,61.2895,215.0,279177.59
SA-Si-LM,P28,269,10,SATISFIED,61.4558,217.0,275731.25
EA-Si-LM,P1,63,1,SATISFIED,60.5141,80.0,1578.0
EA-Si-LM,P1,63,2,SATISFIED,60.4893,78.0,1425.0
EA-Si-LM,P1,63,3,SATISFIED,60.5067,78.0,1299.0
EA-Si-LM,P1,63,4,SATISFIED,60.5213,78.0,1350.0
EA-Si-LM,P1,63,5,SATISFIED,60.498,78.0,1338.0
EA-Si-LM,P1,63,6,SATISFIED,60.4991,80.0,1556.0
EA-Si-LM,P1,63,7,SATISFIED,60.5174,82.0,1534.0
EA-Si-LM,P1,63,8,SATISFIED,60.5179,80.0,1529.0
EA-Si-LM,P1,63,9,SATISFIED,60.5201,82.0,1392.0
EA-Si-LM,P1,63,10,SATISFIED,60.4995,82.0,1517.0
EA-Si-LM,P2,74,1,SATISFIED,60.5859,90.0,1436.0
EA-Si-LM,P2,74,2,SATISFIED,60.6381,90.0,1431.0
EA-Si-LM,P2,74,3,SATISFIED,60.6066,90.0,1464.0
EA-Si-LM,P2,74,4,SATISFIED,60.6305,90.0,1456.0
EA-Si-LM,P2,74,5,SATISFIED,60.6408,92.0,1324.0
EA-Si-LM,P2,74,6,SATISFIED,60.5848,90.0,1401.0
EA-Si-LM,P2,74,7,SATISFIED,60.5881,92.0,1532.0
EA-Si-LM,P2,74,8,SATISFIED,60.6258,90.0,1501.0
EA-Si-LM,P2,74,9,SATISFIED,60.6262,90.0,1381.0
EA-Si-LM,P2,74,10,SATISFIED,60.6037,90.0,1389.0
EA-Si-LM,P3,83,1,SATISFIED,60.692,101.0,1325.0
EA-Si-LM,P3,83,2,SATISFIED,60.7002,104.0,1281.0
EA-Si-LM,P3,83,3,SATISFIED,60.7347,101.0,1417.0
EA-Si-LM,P3,83,4,SATISFIED,60.6912,108.0,1358.0
EA-Si-LM,P3,83,5,SATISFIED,60.7327,105.0,1425.0
EA-Si-LM,P3,83,6,SATISFIED,60.685,108.0,1393.0
EA-Si-LM,P3,83,7,SATISFIED,60.6823,105.0,1472.0
EA-Si-LM,P3,83,8,SATISFIED,60.7121,104.0,1364.0
EA-Si-LM,P3,83,9,SATISFIED,60.6972,107.0,1379.0
EA-Si-LM,P3,83,10,SATISFIED,60.7093,100.0,1420.0
EA-Si-LM,P4,86,1,SATISFIED,60.7235,110.0,1348.0
EA-Si-LM,P4,86,2,SATISFIED,60.7479,118.0,1443.0
EA-Si-LM,P4,86,3,SATISFIED,60.7418,113.0,1431.0
EA-Si-LM,P4,86,4,SATISFIED,60.74,110.0,1415.0
EA-Si-LM,P4,86,5,SATISFIED,60.7647,116.0,1247.0
EA-Si-LM,P4,86,6,SATISFIED,60.7496,110.0,1423.0
EA-Si-LM,P4,86,7,SATISFIED,60.7255,110.0,1443.0
EA-Si-LM,P4,86,8,SATISFIED,60.7367,110.0,1304.0
EA-Si-LM,P4,86,9,SATISFIED,60.7473,110.0,1287.0
EA-Si-LM,P4,86,10,SATISFIED,60.7489,113.0,1469.0
EA-Si-LM,P5,92,1,SATISFIED,60.786,135.0,1394.0
EA-Si-LM,P5,92,2,SATISFIED,60.8497,135.0,1288.0
EA-Si-LM,P5,92,3,SATISFIED,60.8112,135.0,1357.0
EA-Si-LM,P5,92,4,SATISFIED,60.779,135.0,1363.0
EA-Si-LM,P5,92,5,SATISFIED,60.8106,135.0,1317.0
EA-Si-LM,P5,92,6,SATISFIED,60.7929,135.0,1381.0
EA-Si-LM,P5,92,7,SATISFIED,60.7931,135.0,1283.0
EA-Si-LM,P5,92,8,SATISFIED,60.8206,135.0,1298.0
EA-Si-LM,P5,92,9,SATISFIED,60.7968,135.0,1269.0
EA-Si-LM,P5,92,10,SATISFIED,60.775,135.0,1276.0
EA-Si-LM,P6,99,1,SATISFIED,60.8825,125.0,1415.0
EA-Si-LM,P6,99,2,SATISFIED,60.8828,125.0,1330.0
EA-Si-LM,P6,99,3,SATISFIED,60.7536,125.0,1359.0
EA-Si-LM,P6,99,4,SATISFIED,60.8561,125.0,1449.0
EA-Si-LM,P6,99,5,SATISFIED,60.8731,125.0,1429.0
EA-Si-LM,P6,99,6,SATISFIED,60.8906,125.0,1334.0
EA-Si-LM,P6,99,7,SATISFIED,60.8723,125.0,1289.0
EA-Si-LM,P6,99,8,SATISFIED,61.1225,125.0,1279.0
EA-Si-LM,P6,99,9,SATISFIED,60.8693,125.0,1404.0
EA-Si-LM,P6,99,10,SATISFIED,60.8714,125.0,1326.0
EA-Si-LM,P7,106,1,SATISFIED,60.978,118.0,1343.0
EA-Si-LM,P7,106,2,SATISFIED,60.9748,119.0,1264.0
EA-Si-LM,P7,106,3,SATISFIED,60.9299,121.0,1269.0
EA-Si-LM,P7,106,4,SATISFIED,60.9332,118.0,1282.0
EA-Si-LM,P7,106,5,SATISFIED,60.9727,120.0,1353.0
EA-Si-LM,P7,106,6,SATISFIED,60.9796,124.0,1370.0
EA-Si-LM,P7,106,7,SATISFIED,60.9706,124.0,1241.0
EA-Si-LM,P7,106,8,SATISFIED,60.965,121.0,1210.0
EA-Si-LM,P7,106,9,SATISFIED,60.5362,121.0,1349.0
EA-Si-LM,P7,106,10,SATISFIED,60.9602,120.0,1309.0
EA-Si-LM,P8,111,1,SATISFIED,61.0172,143.0,1304.0
EA-Si-LM,P8,111,2,SATISFIED,61.0196,137.0,1384.0
EA-Si-LM,P8,111,3,SATISFIED,61.0096,143.0,1353.0
EA-Si-LM,P8,111,4,SATISFIED,61.0543,130.0,1275.0
EA-Si-LM,P8,111,5,SATISFIED,61.0351,138.0,1306.0
EA-Si-LM,P8,111,6,SATISFIED,61.0354,132.0,1233.0
EA-Si-LM,P8,111,7,SATISFIED,61.0251,148.0,1320.0
EA-Si-LM,P8,111,8,SATISFIED,61.0129,145.0,1331.0
EA-Si-LM,P8,111,9,SATISFIED,60.9949,132.0,1348.0
EA-Si-LM,P8,111,10,SATISFIED,61.0147,135.0,1387.0
EA-Si-LM,P9,119,1,SATISFIED,61.0996,135.0,1293.0
EA-Si-LM,P9,119,2,SATISFIED,61.0861,134.0,1377.0
EA-Si-LM,P9,119,3,SATISFIED,61.0941,134.0,1362.0
EA-Si-LM,P9,119,4,SATISFIED,61.1139,134.0,1314.0
EA-Si-LM,P9,119,5,SATISFIED,61.122,134.0,1254.0
EA-Si-LM,P9,119,6,SATISFIED,61.1144,134.0,1254.0
EA-Si-LM,P9,119,7,SATISFIED,61.0979,134.0,1360.0
EA-Si-LM,P9,119,8,SATISFIED,61.0938,135.0,1282.0
EA-Si-LM,P9,119,9,SATISFIED,61.13,135.0,1223.0
EA-Si-LM,P9,119,10,SATISFIED,61.1074,135.0,1141.0
EA-Si-LM,P10,123,1,SATISFIED,61.1681,156.0,1192.0
EA-Si-LM,P10,123,2,SATISFIED,61.1618,155.0,1210.0
EA-Si-LM,P10,123,3,SATISFIED,61.1341,155.0,1295.0
EA-Si-LM,P10,123,4,SATISFIED,61.1419,156.0,1348.0
EA-Si-LM,P10,123,5,SATISFIED,61.1504,157.0,1202.0
EA-Si-LM,P10,123,6,SATISFIED,61.1381,160.0,1154.0
EA-Si-LM,P10,123,7,SATISFIED,61.1458,156.0,1363.0
EA-Si-LM,P10,123,8,SATISFIED,61.1731,156.0,1310.0
EA-Si-LM,P10,123,9,SATISFIED,61.1871,155.0,1332.0
EA-Si-LM,P10,123,10,SATISFIED,61.1474,162.0,1245.0
EA-Si-LM,P11,146,1,SATISFIED,61.4349,175.0,1130.0
EA-Si-LM,P11,146,2,SATISFIED,61.5275,171.0,1208.0
EA-Si-LM,P11,146,3,SATISFIED,61.4424,171.0,1253.0
EA-Si-LM,P11,146,4,SATISFIED,61.4555,178.0,1218.0
EA-Si-LM,P11,146,5,SATISFIED,61.4404,171.0,1215.0
EA-Si-LM,P11,146,6,SATISFIED,61.4673,175.0,1179.0
EA-Si-LM,P11,146,7,SATISFIED,61.4444,171.0,1075.0
EA-Si-LM,P11,146,8,SATISFIED,61.4704,171.0,1143.0
EA-Si-LM,P11,146,9,SATISFIED,61.4538,175.0,1083.0
EA-Si-LM,P11,146,10,SATISFIED,61.4543,171.0,1289.0
EA-Si-LM,P12,157,1,SATISFIED,61.6425,169.0,1204.0
EA-Si-LM,P12,157,2,SATISFIED,61.6185,174.0,1191.0
EA-Si-LM,P12,157,3,SATISFIED,61.6066,166.0,1163.0
EA-Si-LM,P12,157,4,SATISFIED,61.5987,165.0,1182.0
EA-Si-LM,P12,157,5,SATISFIED,61.6618,176.0,1212.0
EA-Si-LM,P12,157,6,SATISFIED,61.6428,166.0,1215.0
EA-Si-LM,P12,157,7,SATISFIED,61.6095,175.0,1181.0
EA-Si-LM,P12,157,8,SATISFIED,61.6185,169.0,1185.0
EA-Si-LM,P12,157,9,SATISFIED,61.6181,180.0,1061.0
EA-Si-LM,P12,157,10,SATISFIED,61.6067,176.0,1140.0
EA-Si-LM,P13,192,1,SATISFIED,62.0552,231.0,1031.0
EA-Si-LM,P13,192,2,SATISFIED,62.0387,228.0,1064.0
EA-Si-LM,P13,192,3,SATISFIED,62.0885,232.0,1108.0
EA-Si-LM,P13,192,4,SATISFIED,62.1562,232.0,1043.0
EA-Si-LM,P13,192,5,SATISFIED,62.2036,228.0,1068.0
EA-Si-LM,P13,192,6,SATISFIED,62.0427,232.0,1040.0
EA-Si-LM,P13,192,7,SATISFIED,62.0188,231.0,1089.0
EA-Si-LM,P13,192,8,SATISFIED,62.2107,232.0,1097.0
EA-Si-LM,P13,192,9,SATISFIED,62.0657,232.0,1010.0
EA-Si-LM,P13,192,10,SATISFIED,62.0681,231.0,950.0
EA-Si-LM,P14,208,1,SATISFIED,62.1698,224.0,948.0
EA-Si-LM,P14,208,2,SATISFIED,62.3024,223.0,1055.0
EA-Si-LM,P14,208,3,SATISFIED,62.4246,224.0,1125.0
EA-Si-LM,P14,208,4,SATISFIED,62.2776,224.0,972.0
EA-Si-LM,P14,208,5,SATISFIED,62.278,224.0,1041.0
EA-Si-LM,P14,208,6,SATISFIED,62.2327,224.0,1069.0
EA-Si-LM,P14,208,7,SATISFIED,62.1873,224.0,960.0
EA-Si-LM,P14,208,8,SATISFIED,62.4828,221.0,1021.0
EA-Si-LM,P14,208,9,SATISFIED,62.2733,226.0,1065.0
EA-Si-LM,P14,208,10,SATISFIED,62.2507,223.0,1140.0
EA-Si-LM,P15,220,1,SATISFIED,62.3499,236.0,1023.0
EA-Si-LM,P15,220,2,SATISFIED,62.6577,236.0,934.0
EA-Si-LM,P15,220,3,SATISFIED,62.3739,228.0,997.0
EA-Si-LM,P15,220,4,SATISFIED,62.3685,228.0,1051.0
EA-Si-LM,P15,220,5,SATISFIED,62.6638,230.0,1061.0
EA-Si-LM,P15,220,6,SATISFIED,62.6679,233.0,920.0
EA-Si-LM,P15,220,7,SATISFIED,62.2497,231.0,1046.0
EA-Si-LM,P15,220,8,SATISFIED,62.2372,231.0,1029.0
EA-Si-LM,P15,220,9,SATISFIED,62.3643,233.0,1052.0
EA-Si-LM,P15,220,10,SATISFIED,62.3646,228.0,908.0
EA-Si-LM,P16,226,1,SATISFIED,62.3959,235.0,1044.0
EA-Si-LM,P16,226,2,SATISFIED,62.4396,251.0,1063.0
EA-Si-LM,P16,226,3,SATISFIED,62.4331,242.0,1078.0
EA-Si-LM,P16,226,4,SATISFIED,62.4372,246.0,1057.0
EA-Si-LM,P16,226,5,SATISFIED,62.4382,241.0,970.0
EA-Si-LM,P16,226,6,SATISFIED,62.688,242.0,1054.0
EA-Si-LM,P16,226,7,SATISFIED,62.4022,238.0,1067.0
EA-Si-LM,P16,226,8,SATISFIED,62.7285,237.0,976.0
EA-Si-LM,P16,226,9,SATISFIED,62.4661,243.0,1025.0
EA-Si-LM,P16,226,10,SATISFIED,62.3666,241.0,1057.0
EA-Si-LM,P17,98,1,SATISFIED,60.9249,99.0,1377.0
EA-Si-LM,P17,98,2,SATISFIED,60.8733,94.0,1224.0
EA-Si-LM,P17,98,3,SATISFIED,60.8922,94.0,1262.0
EA-Si-LM,P17,98,4,SATISFIED,60.8924,94.0,1414.0
EA-Si-LM,P17,98,5,SATISFIED,60.9039,94.0,1398.0
EA-Si-LM,P17,98,6,SATISFIED,60.9111,94.0,1225.0
EA-Si-LM,P17,98,7,SATISFIED,60.8376,94.0,1202.0
EA-Si-LM,P17,98,8,SATISFIED,60.8693,94.0,1290.0
EA-Si-LM,P17,98,9,SATISFIED,60.8638,94.0,1381.0
EA-Si-LM,P17,98,10,SATISFIED,60.8673,95.0,1306.0
EA-Si-LM,P18,110,1,SATISFIED,60.9911,104.0,1222.0
EA-Si-LM,P18,110,2,SATISFIED,61.0255,104.0,1246.0
EA-Si-LM,P18,110,3,SATISFIED,61.0003,104.0,1259.0
EA-Si-LM,P18,110,4,SATISFIED,60.9956,104.0,1275.0
EA-Si-LM,P18,110,5,SATISFIED,61.0291,104.0,1212.0
EA-Si-LM,P18,110,6,SATISFIED,61.0571,104.0,1250.0
EA-Si-LM,P18,110,7,SATISFIED,60.9782,104.0,1193.0
EA-Si-LM,P18,110,8,SATISFIED,61.0307,104.0,1330.0
EA-Si-LM,P18,110,9,SATISFIED,61.0102,104.0,1174.0
EA-Si-LM,P18,110,10,SATISFIED,61.0009,104.0,1323.0
EA-Si-LM,P19,116,1,SATISFIED,61.0939,88.0,1247.0
EA-Si-LM,P19,116,2,SATISFIED,61.0845,91.0,1310.0
EA-Si-LM,P19,116,3,SATISFIED,61.0961,91.0,1187.0
EA-Si-LM,P19,116,4,SATISFIED,61.5157,91.0,1061.0
EA-Si-LM,P19,116,5,SATISFIED,61.0763,91.0,1193.0
EA-Si-LM,P19,116,6,SATISFIED,61.1064,96.0,1278.0
EA-Si-LM,P19,116,7,SATISFIED,61.0898,93.0,1315.0
EA-Si-LM,P19,116,8,SATISFIED,61.043,89.0,1361.0
EA-Si-LM,P19,116,9,SATISFIED,61.1244,91.0,1245.0
EA-Si-LM,P19,116,10,SATISFIED,61.0594,92.0,1188.0
EA-Si-LM,P20,117,1,SATISFIED,61.0694,109.0,1317.0
EA-Si-LM,P20,117,2,SATISFIED,61.1151,106.0,1311.0
EA-Si-LM,P20,117,3,SATISFIED,61.0983,109.0,1138.0
EA-Si-LM,P20,117,4,SATISFIED,61.089,108.0,1288.0
EA-Si-LM,P20,117,5,SATISFIED,61.1344,102.0,1184.0
EA-Si-LM,P20,117,6,SATISFIED,61.0934,102.0,1325.0
EA-Si-LM,P20,117,7,SATISFIED,61.1006,102.0,1153.0
EA-Si-LM,P20,117,8,SATISFIED,61.1286,101.0,1294.0
EA-Si-LM,P20,117,9,SATISFIED,61.1184,105.0,1201.0
EA-Si-LM,P20,117,10,SATISFIED,61.1011,105.0,1306.0
EA-Si-LM,P21,130,1,SATISFIED,61.2321,111.0,1111.0
EA-Si-LM,P21,130,2,SATISFIED,61.2353,111.0,1062.0
EA-Si-LM,P21,130,3,SATISFIED,61.2849,113.0,1193.0
EA-Si-LM,P21,130,4,SATISFIED,61.2859,110.0,1277.0
EA-Si-LM,P21,130,5,SATISFIED,61.2495,110.0,1195.0
EA-Si-LM,P21,130,6,SATISFIED,61.2776,112.0,1324.0
EA-Si-LM,P21,130,7,SATISFIED,61.2619,111.0,1326.0
EA-Si-LM,P21,130,8,SATISFIED,61.2951,108.0,1307.0
EA-Si-LM,P21,130,9,SATISFIED,61.2547,114.0,1104.0
EA-Si-LM,P21,130,10,SATISFIED,61.2383,108.0,1243.0
EA-Si-LM,P22,145,1,SATISFIED,61.4835,125.0,1171.0
EA-Si-LM,P22,145,2,SATISFIED,61.4712,125.0,1216.0
EA-Si-LM,P22,145,3,SATISFIED,61.4435,124.0,1174.0
EA-Si-LM,P22,145,4,SATISFIED,61.5222,127.0,1105.0
EA-Si-LM,P22,145,5,SATISFIED,61.4576,127.0,1234.0
EA-Si-LM,P22,145,6,SATISFIED,61.485,128.0,1129.0
EA-Si-LM,P22,145,7,SATISFIED,61.4983,124.0,1198.0
EA-Si-LM,P22,145,8,SATISFIED,61.4664,124.0,1197.0
EA-Si-LM,P22,145,9,SATISFIED,61.4531,125.0,1192.0
EA-Si-LM,P22,145,10,SATISFIED,61.5103,124.0,1190.0
EA-Si-LM,P23,195,1,SATISFIED,62.1976,156.0,1038.0
EA-Si-LM,P23,195,2,SATISFIED,62.1638,150.0,1115.0
EA-Si-LM,P23,195,3,SATISFIED,62.2281,150.0,1046.0
EA-Si-LM,P23,195,4,SATISFIED,62.0996,152.0,1129.0
EA-Si-LM,P23,195,5,SATISFIED,62.1997,157.0,1122.0
EA-Si-LM,P23,195,6,SATISFIED,62.089,158.0,1106.0
EA-Si-LM,P23,195,7,SATISFIED,62.1254,148.0,1025.0
EA-Si-LM,P23,195,8,SATISFIED,62.1706,150.0,1047.0
EA-Si-LM,P23,195,9,SATISFIED,62.1777,160.0,1094.0
EA-Si-LM,P23,195,10,SATISFIED,62.0858,149.0,996.0
EA-Si-LM,P24,200,1,SATISFIED,62.172,171.0,966.0
EA-Si-LM,P24,200,2,SATISFIED,62.1625,174.0,955.0
EA-Si-LM,P24,200,3,SATISFIED,62.1879,171.0,904.0
EA-Si-LM,P24,200,4,SATISFIED,62.3047,171.0,1100.0
EA-Si-LM,P24,200,5,SATISFIED,62.1484,174.0,1014.0
EA-Si-LM,P24,200,6,SATISFIED,62.1835,171.0,1067.0
EA-Si-LM,P24,200,7,SATISFIED,62.1465,171.0,1020.0
EA-Si-LM,P24,200,8,SATISFIED,62.3077,174.0,996.0
EA-Si-LM,P24,200,9,SATISFIED,62.2139,171.0,1059.0
EA-Si-LM,P24,200,10,SATISFIED,62.3132,171.0,1057.0
EA-Si-LM,P25,217,1,SATISFIED,62.5814,177.0,1048.0
EA-Si-LM,P25,217,2,SATISFIED,62.3783,177.0,1051.0
EA-Si-LM,P25,217,3,SATISFIED,62.3424,177.0,1004.0
EA-Si-LM,P25,217,4,SATISFIED,62.5195,177.0,989.0
EA-Si-LM,P25,217,5,SATISFIED,62.3116,177.0,947.0
EA-Si-LM,P25,217,6,SATISFIED,62.322,177.0,986.0
EA-Si-LM,P25,217,7,SATISFIED,62.3414,177.0,856.0
EA-Si-LM,P25,217,8,SATISFIED,62.3687,177.0,934.0
EA-Si-LM,P25,217,9,SATISFIED,62.3443,177.0,1073.0
EA-Si-LM,P25,217,10,SATISFIED,62.3432,177.0,1041.0
EA-Si-LM,P26,226,1,SATISFIED,62.426,199.0,926.0
EA-Si-LM,P26,226,2,SATISFIED,62.4482,202.0,958.0
EA-Si-LM,P26,226,3,SATISFIED,62.4645,199.0,924.0
EA-Si-LM,P26,226,4,SATISFIED,62.5477,199.0,970.0
EA-Si-LM,P26,226,5,SATISFIED,62.4147,199.0,993.0
EA-Si-LM,P26,226,6,SATISFIED,62.4498,199.0,967.0
EA-Si-LM,P26,226,7,SATISFIED,62.4752,199.0,1006.0
EA-Si-LM,P26,226,8,SATISFIED,62.4569,199.0,978.0
EA-Si-LM,P26,226,9,SATISFIED,62.5834,203.0,893.0
EA-Si-LM,P26,226,10,SATISFIED,62.4352,199.0,947.0
EA-Si-LM,P27,263,1,SATISFIED,62.9527,209.0,804.0
EA-Si-LM,P27,263,2,SATISFIED,63.4819,209.0,849.0
EA-Si-LM,P27,263,3,SATISFIED,63.1512,206.0,830.0
EA-Si-LM,P27,263,4,SATISFIED,62.851,206.0,811.0
EA-Si-LM,P27,263,5,SATISFIED,62.8168,205.0,862.0
EA-Si-LM,P27,263,6,SATISFIED,62.8562,206.0,904.0
EA-Si-LM,P27,263,7,SATISFIED,62.8244,206.0,837.0
EA-Si-LM,P27,263,8,SATISFIED,62.8397,206.0,829.0
EA-Si-LM,P27,263,9,SATISFIED,63.4349,206.0,870.0
EA-Si-LM,P27,263,10,SATISFIED,62.8696,206.0,843.0
EA-Si-LM,P28,269,1,SATISFIED,62.8617,217.0,799.0
EA-Si-LM,P28,269,2,SATISFIED,63.3354,215.0,815.0
EA-Si-LM,P28,269,3,SATISFIED,62.912,226.0,892.0
EA-Si-LM,P28,269,4,SATISFIED,62.8873,217.0,849.0
EA-Si-LM,P28,269,5,SATISFIED,63.1767,217.0,894.0
EA-Si-LM,P28,269,6,SATISFIED,62.892,217.0,954.0
EA-Si-LM,P28,269,7,SATISFIED,62.8866,217.0,881.0
EA-Si-LM,P28,269,8,SATISFIED,63.13,217.0,933.0
EA-Si-LM,P28,269,9,SATISFIED,62.9553,222.0,872.0
EA-Si-LM,P28,269,10,SATISFIED,63.2127,217.0,895.0
EAL-Si-LM,P1,63,1,SATISFIED,60.5035,78.0,1562.0
EAL-Si-LM,P1,63,2,SATISFIED,60.4996,80.0,1503.0
EAL-Si-LM,P1,63,3,SATISFIED,60.496,78.0,1464.0
EAL-Si-LM,P1,63,4,SATISFIED,60.5117,80.0,1504.0
EAL-Si-LM,P1,63,5,SATISFIED,60.4832,77.0,1556.0
EAL-Si-LM,P1,63,6,SATISFIED,60.5312,80.0,1448.0
EAL-Si-LM,P1,63,7,SATISFIED,60.5082,77.0,1225.0
EAL-Si-LM,P1,63,8,SATISFIED,60.539,80.0,1509.0
EAL-Si-LM,P1,63,9,SATISFIED,60.5245,80.0,1597.0
EAL-Si-LM,P1,63,10,SATISFIED,60.4881,78.0,1412.0
EAL-Si-LM,P2,74,1,SATISFIED,60.5945,90.0,1416.0
EAL-Si-LM,P2,74,2,SATISFIED,60.6067,90.0,1432.0
EAL-Si-LM,P2,74,3,SATISFIED,60.5957,90.0,1427.0
EAL-Si-LM,P2,74,4,SATISFIED,60.603,90.0,1511.0
EAL-Si-LM,P2,74,5,SATISFIED,60.5976,90.0,1542.0
EAL-Si-LM,P2,74,6,SATISFIED,60.6188,90.0,1441.0
EAL-Si-LM,P2,74,7,SATISFIED,60.6218,90.0,1514.0
EAL-Si-LM,P2,74,8,SATISFIED,60.6115,90.0,1401.0
EAL-Si-LM,P2,74,9,SATISFIED,60.6248,90.0,1402.0
EAL-Si-LM,P2,74,10,SATISFIED,60.6722,90.0,1355.0
EAL-Si-LM,P3,83,1,SATISFIED,60.6943,115.0,1345.0
EAL-Si-LM,P3,83,2,SATISFIED,60.7083,100.0,1302.0
EAL-Si-LM,P3,83,3,SATISFIED,60.6852,100.0,1405.0
EAL-Si-LM,P3,83,4,SATISFIED,60.6998,115.0,1349.0
EAL-Si-LM,P3,83,5,SATISFIED,60.6863,100.0,1366.0
EAL-Si-LM,P3,83,6,SATISFIED,60.6905,100.0,1530.0
EAL-Si-LM,P3,83,7,SATISFIED,60.7055,115.0,1499.0
EAL-Si-LM,P3,83,8,SATISFIED,60.6925,115.0,1455.0
EAL-Si-LM,P3,83,9,SATISFIED,60.6825,115.0,1365.0
EAL-Si-LM,P3,83,10,SATISFIED,60.9105,115.0,1329.0
EAL-Si-LM,P4,86,1,SATISFIED,60.7506,110.0,1343.0
EAL-Si-LM,P4,86,2,SATISFIED,60.8248,110.0,1295.0
EAL-Si-LM,P4,86,3,SATISFIED,60.7175,110.0,1374.0
EAL-Si-LM,P4,86,4,SATISFIED,60.7427,110.0,1294.0
EAL-Si-LM,P4,86,5,SATISFIED,60.7074,110.0,1406.0
EAL-Si-LM,P4,86,6,SATISFIED,60.7077,110.0,1345.0
EAL-Si-LM,P4,86,7,SATISFIED,60.7411,110.0,1314.0
EAL-Si-LM,P4,86,8,SATISFIED,60.7294,110.0,1485.0
EAL-Si-LM,P4,86,9,SATISFIED,60.7134,110.0,1376.0
EAL-Si-LM,P4,86,10,SATISFIED,60.7186,110.0,1295.0
EAL-Si-LM,P5,92,1,SATISFIED,60.807,135.0,1411.0
EAL-Si-LM,P5,92,2,SATISFIED,60.8015,135.0,1399.0
EAL-Si-LM,P5,92,3,SATISFIED,60.791,136.0,1309.0
EAL-Si-LM,P5,92,4,SATISFIED,60.8044,135.0,1109.0
EAL-Si-LM,P5,92,5,SATISFIED,60.7961,135.0,1304.0
EAL-Si-LM,P5,92,6,SATISFIED,60.816,135.0,1314.0
EAL-Si-LM,P5,92,7,SATISFIED,60.8361,135.0,1316.0
EAL-Si-LM,P5,92,8,SATISFIED,60.7744,135.0,1349.0
EAL-Si-LM,P5,92,9,SATISFIED,60.8141,135.0,1394.0
EAL-Si-LM,P5,92,10,SATISFIED,60.7801,136.0,1263.0
EAL-Si-LM,P6,99,1,SATISFIED,60.8738,125.0,1353.0
EAL-Si-LM,P6,99,2,SATISFIED,60.8453,125.0,1336.0
EAL-Si-LM,P6,99,3,SATISFIED,60.8452,125.0,1381.0
EAL-Si-LM,P6,99,4,SATISFIED,60.9036,125.0,1314.0
EAL-Si-LM,P6,99,5,SATISFIED,60.8403,125.0,1360.0
EAL-Si-LM,P6,99,6,SATISFIED,60.8855,125.0,1322.0
EAL-Si-LM,P6,99,7,SATISFIED,60.8583,125.0,1268.0
EAL-Si-LM,P6,99,8,SATISFIED,60.8621,125.0,1260.0
EAL-Si-LM,P6,99,9,SATISFIED,60.8646,125.0,1303.0
EAL-Si-LM,P6,99,10,SATISFIED,60.8615,125.0,1326.0
EAL-Si-LM,P7,106,1,SATISFIED,60.9624,123.0,1226.0
EAL-Si-LM,P7,106,2,SATISFIED,60.9419,129.0,1248.0
EAL-Si-LM,P7,106,3,SATISFIED,60.9379,123.0,1295.0
EAL-Si-LM,P7,106,4,SATISFIED,60.9648,124.0,1323.0
EAL-Si-LM,P7,106,5,SATISFIED,60.9326,133.0,1222.0
EAL-Si-LM,P7,106,6,SATISFIED,60.927,131.0,1403.0
EAL-Si-LM,P7,106,7,SATISFIED,60.9188,129.0,1365.0
EAL-Si-LM,P7,106,8,SATISFIED,60.9094,122.0,1317.0
EAL-Si-LM,P7,106,9,SATISFIED,60.9422,135.0,1341.0
EAL-Si-LM,P7,106,10,SATISFIED,60.9306,123.0,1387.0
EAL-Si-LM,P8,111,1,SATISFIED,61.0113,141.0,1270.0
EAL-Si-LM,P8,111,2,SATISFIED,61.0068,143.0,1245.0
EAL-Si-LM,P8,111,3,SATISFIED,61.0402,143.0,1230.0
EAL-Si-LM,P8,111,4,SATISFIED,60.9909,143.0,1266.0
EAL-Si-LM,P8,111,5,SATISFIED,60.9955,141.0,1401.0
EAL-Si-LM,P8,111,6,SATISFIED,60.9884,138.0,1199.0
EAL-Si-LM,P8,111,7,SATISFIED,61.0237,143.0,1178.0
EAL-Si-LM,P8,111,8,SATISFIED,60.7703,143.0,1307.0
EAL-Si-LM,P8,111,9,SATISFIED,61.0047,143.0,1229.0
EAL-Si-LM,P8,111,10,SATISFIED,61.0021,143.0,1261.0
EAL-Si-LM,P9,119,1,SATISFIED,61.1402,137.0,1291.0
EAL-Si-LM,P9,119,2,SATISFIED,61.1181,135.0,1234.0
EAL-Si-LM,P9,119,3,SATISFIED,61.1116,137.0,1251.0
EAL-Si-LM,P9,119,4,SATISFIED,61.0651,135.0,1320.0
EAL-Si-LM,P9,119,5,SATISFIED,61.0953,135.0,1258.0
EAL-Si-LM,P9,119,6,SATISFIED,61.0943,137.0,1317.0
EAL-Si-LM,P9,119,7,SATISFIED,61.0633,134.0,1204.0
EAL-Si-LM,P9,119,8,SATISFIED,61.1006,137.0,1297.0
EAL-Si-LM,P9,119,9,SATISFIED,61.0837,137.0,1287.0
EAL-Si-LM,P9,119,10,SATISFIED,61.086,134.0,1292.0
EAL-Si-LM,P10,123,1,SATISFIED,61.1719,159.0,1211.0
EAL-Si-LM,P10,123,2,SATISFIED,61.1183,159.0,1175.0
EAL-Si-LM,P10,123,3,SATISFIED,61.1159,159.0,1214.0
EAL-Si-LM,P10,123,4,SATISFIED,61.1497,156.0,1148.0
EAL-Si-LM,P10,123,5,SATISFIED,61.1667,159.0,1174.0
EAL-Si-LM,P10,123,6,SATISFIED,61.1526,159.0,1176.0
EAL-Si-LM,P10,123,7,SATISFIED,61.1315,159.0,1198.0
EAL-Si-LM,P10,123,8,SATISFIED,61.1414,159.0,1247.0
EAL-Si-LM,P10,123,9,SATISFIED,61.1315,159.0,1324.0
EAL-Si-LM,P10,123,10,SATISFIED,61.1586,159.0,1307.0
EAL-Si-LM,P11,146,1,SATISFIED,61.595,171.0,1248.0
EAL-Si-LM,P11,146,2,SATISFIED,61.4447,171.0,1231.0
EAL-Si-LM,P11,146,3,SATISFIED,61.4362,171.0,1280.0
EAL-Si-LM,P11,146,4,SATISFIED,61.415,175.0,1216.0
EAL-Si-LM,P11,146,5,SATISFIED,61.4376,174.0,1131.0
EAL-Si-LM,P11,146,6,SATISFIED,61.4401,171.0,1175.0
EAL-Si-LM,P11,146,7,SATISFIED,61.423,175.0,1157.0
EAL-Si-LM,P11,146,8,SATISFIED,61.4704,171.0,1164.0
EAL-Si-LM,P11,146,9,SATISFIED,61.4382,179.0,975.0
EAL-Si-LM,P11,146,10,SATISFIED,61.4523,171.0,1045.0
EAL-Si-LM,P12,157,1,SATISFIED,61.6069,184.0,1112.0
EAL-Si-LM,P12,157,2,SATISFIED,61.5775,185.0,1089.0
EAL-Si-LM,P12,157,3,SATISFIED,61.6107,182.0,1009.0
EAL-Si-LM,P12,157,4,SATISFIED,61.5828,182.0,1160.0
EAL-Si-LM,P12,157,5,SATISFIED,61.6151,185.0,1112.0
EAL-Si-LM,P12,157,6,SATISFIED,61.6124,186.0,1111.0
EAL-Si-LM,P12,157,7,SATISFIED,61.565,182.0,1122.0
EAL-Si-LM,P12,157,8,SATISFIED,61.5985,183.0,1255.0
EAL-Si-LM,P12,157,9,SATISFIED,61.5609,183.0,1087.0
EAL-Si-LM,P12,157,10,SATISFIED,61.6346,168.0,1060.0
EAL-Si-LM,P13,192,1,SATISFIED,62.0181,232.0,880.0
EAL-Si-LM,P13,192,2,SATISFIED,62.0006,228.0,1044.0
EAL-Si-LM,P13,192,3,SATISFIED,62.1515,231.0,880.0
EAL-Si-LM,P13,192,4,SATISFIED,62.0338,232.0,952.0
EAL-Si-LM,P13,192,5,SATISFIED,62.0594,232.0,1012.0
EAL-Si-LM,P13,192,6,SATISFIED,61.9906,233.0,868.0
EAL-Si-LM,P13,192,7,SATISFIED,62.027,232.0,1041.0
EAL-Si-LM,P13,192,8,SATISFIED,62.093,228.0,1075.0
EAL-Si-LM,P13,192,9,SATISFIED,62.0083,231.0,1029.0
EAL-Si-LM,P13,192,10,SATISFIED,62.0198,231.0,1134.0
EAL-Si-LM,P14,208,1,SATISFIED,62.0855,224.0,1046.0
EAL-Si-LM,P14,208,2,SATISFIED,62.1325,224.0,1041.0
EAL-Si-LM,P14,208,3,SATISFIED,62.1726,222.0,988.0
EAL-Si-LM,P14,208,4,SATISFIED,62.1798,224.0,1023.0
EAL-Si-LM,P14,208,5,SATISFIED,62.1732,224.0,996.0
EAL-Si-LM,P14,208,6,SATISFIED,62.2651,224.0,1037.0
EAL-Si-LM,P14,208,7,SATISFIED,62.3635,224.0,1000.0
EAL-Si-LM,P14,208,8,SATISFIED,62.0922,224.0,1070.0
EAL-Si-LM,P14,208,9,SATISFIED,62.2042,224.0,1012.0
EAL-Si-LM,P14,208,10,SATISFIED,62.1754,224.0,995.0
EAL-Si-LM,P15,220,1,SATISFIED,62.5017,231.0,1072.0
EAL-Si-LM,P15,220,2,SATISFIED,62.2209,250.0,1051.0
EAL-Si-LM,P15,220,3,SATISFIED,62.2673,231.0,1065.0
EAL-Si-LM,P15,220,4,SATISFIED,62.2946,231.0,1037.0
EAL-Si-LM,P15,220,5,SATISFIED,62.26,249.0,946.0
EAL-Si-LM,P15,220,6,SATISFIED,62.2887,231.0,996.0
EAL-Si-LM,P15,220,7,SATISFIED,62.2576,241.0,936.0
EAL-Si-LM,P15,220,8,SATISFIED,62.3052,228.0,1014.0
EAL-Si-LM,P15,220,9,SATISFIED,62.2556,250.0,1005.0
EAL-Si-LM,P15,220,10,SATISFIED,62.3308,249.0,1035.0
EAL-Si-LM,P16,226,1,SATISFIED,62.458,251.0,1039.0
EAL-Si-LM,P16,226,2,SATISFIED,62.3399,238.0,1056.0
EAL-Si-LM,P16,226,3,SATISFIED,62.3517,245.0,989.0
EAL-Si-LM,P16,226,4,SATISFIED,62.3133,246.0,983.0
EAL-Si-LM,P16,226,5,SATISFIED,62.3626,247.0,921.0
EAL-Si-LM,P16,226,6,SATISFIED,62.3421,238.0,945.0
EAL-Si-LM,P16,226,7,SATISFIED,62.4134,237.0,990.0
EAL-Si-LM,P16,226,8,SATISFIED,62.3214,244.0,1010.0
EAL-Si-LM,P16,226,9,SATISFIED,62.3074,238.0,1062.0
EAL-Si-LM,P16,226,10,SATISFIED,62.3283,247.0,1023.0
EAL-Si-LM,P17,98,1,SATISFIED,60.8508,94.0,1396.0
EAL-Si-LM,P17,98,2,SATISFIED,60.8571,94.0,1376.0
EAL-Si-LM,P17,98,3,SATISFIED,60.8223,94.0,1425.0
EAL-Si-LM,P17,98,4,SATISFIED,60.8497,94.0,1359.0
EAL-Si-LM,P17,98,5,SATISFIED,60.866,94.0,1362.0
EAL-Si-LM,P17,98,6,SATISFIED,60.8623,96.0,1415.0
EAL-Si-LM,P17,98,7,SATISFIED,60.8878,94.0,1305.0
EAL-Si-LM,P17,98,8,SATISFIED,60.8499,94.0,1211.0
EAL-Si-LM,P17,98,9,SATISFIED,60.9152,96.0,1141.0
EAL-Si-LM,P17,98,10,SATISFIED,60.8678,96.0,1230.0
EAL-Si-LM,P18,110,1,SATISFIED,60.9795,104.0,1159.0
EAL-Si-LM,P18,110,2,SATISFIED,61.0149,104.0,1075.0
EAL-Si-LM,P18,110,3,SATISFIED,61.0208,104.0,1232.0
EAL-Si-LM,P18,110,4,SATISFIED,60.9725,104.0,1158.0
EAL-Si-LM,P18,110,5,SATISFIED,60.9657,104.0,1124.0
EAL-Si-LM,P18,110,6,SATISFIED,61.0035,104.0,1279.0
EAL-Si-LM,P18,110,7,SATISFIED,60.9742,104.0,1306.0
EAL-Si-LM,P18,110,8,SATISFIED,60.9819,104.0,1347.0
EAL-Si-LM,P18,110,9,SATISFIED,60.9775,104.0,1367.0
EAL-Si-LM,P18,110,10,SATISFIED,61.1369,104.0,1286.0
EAL-Si-LM,P19,116,1,SATISFIED,61.0323,94.0,1331.0
EAL-Si-LM,P19,116,2,SATISFIED,61.0501,99.0,1266.0
EAL-Si-LM,P19,116,3,SATISFIED,61.0651,97.0,1266.0
EAL-Si-LM,P19,116,4,SATISFIED,61.054,99.0,1355.0
EAL-Si-LM,P19,116,5,SATISFIED,61.0609,99.0,1264.0
EAL-Si-LM,P19,116,6,SATISFIED,61.0299,93.0,1275.0
EAL-Si-LM,P19,116,7,SATISFIED,61.0676,95.0,1221.0
EAL-Si-LM,P19,116,8,SATISFIED,61.0555,99.0,1343.0
EAL-Si-LM,P19,116,9,SATISFIED,61.037,95.0,1309.0
EAL-Si-LM,P19,116,10,SATISFIED,61.0533,97.0,1273.0
EAL-Si-LM,P20,117,1,SATISFIED,61.0641,109.0,1334.0
EAL-Si-LM,P20,117,2,SATISFIED,61.0516,109.0,1247.0
EAL-Si-LM,P20,117,3,SATISFIED,61.0675,102.0,1325.0
EAL-Si-LM,P20,117,4,SATISFIED,61.0869,109.0,1190.0
EAL-Si-LM,P20,117,5,SATISFIED,61.0926,102.0,1197.0
EAL-Si-LM,P20,117,6,SATISFIED,61.0848,102.0,1273.0
EAL-Si-LM,P20,117,7,SATISFIED,61.0672,109.0,1298.0
EAL-Si-LM,P20,117,8,SATISFIED,61.0491,106.0,1334.0
EAL-Si-LM,P20,117,9,SATISFIED,61.0525,102.0,1357.0
EAL-Si-LM,P20,117,10,SATISFIED,61.1194,102.0,1197.0
EAL-Si-LM,P21,130,1,SATISFIED,61.2184,113.0,1263.0
EAL-Si-LM,P21,130,2,SATISFIED,61.2479,113.0,1297.0
EAL-Si-LM,P21,130,3,SATISFIED,61.2606,111.0,1190.0
EAL-Si-LM,P21,130,4,SATISFIED,61.2068,113.0,1217.0
EAL-Si-LM,P21,130,5,SATISFIED,61.2265,113.0,1164.0
EAL-Si-LM,P21,130,6,SATISFIED,61.2039,113.0,1260.0
EAL-Si-LM,P21,130,7,SATISFIED,61.2591,113.0,1157.0
EAL-Si-LM,P21,130,8,SATISFIED,61.2084,113.0,1209.0
EAL-Si-LM,P21,130,9,SATISFIED,61.2359,114.0,1224.0
EAL-Si-LM,P21,130,10,SATISFIED,61.2319,113.0,1218.0
EAL-Si-LM,P22,145,1,SATISFIED,61.4143,125.0,1048.0
EAL-Si-LM,P22,145,2,SATISFIED,61.4202,124.0,1194.0
EAL-Si-LM,P22,145,3,SATISFIED,61.4305,124.0,1170.0
EAL-Si-LM,P22,145,4,SATISFIED,61.4415,125.0,1192.0
EAL-Si-LM,P22,145,5,SATISFIED,61.4356,125.0,1172.0
EAL-Si-LM,P22,145,6,SATISFIED,61.4406,124.0,1160.0
EAL-Si-LM,P22,145,7,SATISFIED,61.4362,124.0,1233.0
EAL-Si-LM,P22,145,8,SATISFIED,61.4114,125.0,1248.0
EAL-Si-LM,P22,145,9,SATISFIED,61.419,125.0,1241.0
EAL-Si-LM,P22,145,10,SATISFIED,61.4406,125.0,1234.0
EAL-Si-LM,P23,195,1,SATISFIED,62.0337,154.0,1129.0
EAL-Si-LM,P23,195,2,SATISFIED,62.0424,159.0,1078.0
EAL-Si-LM,P23,195,3,SATISFIED,62.0645,162.0,1074.0
EAL-Si-LM,P23,195,4,SATISFIED,62.0618,158.0,1070.0
EAL-Si-LM,P23,195,5,SATISFIED,62.1005,169.0,1027.0
EAL-Si-LM,P23,195,6,SATISFIED,61.9838,156.0,1076.0
EAL-Si-LM,P23,195,7,SATISFIED,62.009,156.0,959.0
EAL-Si-LM,P23,195,8,SATISFIED,62.0858,161.0,1062.0
EAL-Si-LM,P23,195,9,SATISFIED,62.0543,161.0,992.0
EAL-Si-LM,P23,195,10,SATISFIED,62.1887,156.0,1051.0
EAL-Si-LM,P24,200,1,SATISFIED,62.0574,176.0,921.0
EAL-Si-LM,P24,200,2,SATISFIED,62.1099,176.0,944.0
EAL-Si-LM,P24,200,3,SATISFIED,62.2245,175.0,1040.0
EAL-Si-LM,P24,200,4,SATISFIED,62.2002,176.0,1042.0
EAL-Si-LM,P24,200,5,SATISFIED,62.0917,184.0,1048.0
EAL-Si-LM,P24,200,6,SATISFIED,62.4736,176.0,1078.0
EAL-Si-LM,P24,200,7,SATISFIED,62.0699,184.0,1023.0
EAL-Si-LM,P24,200,8,SATISFIED,62.116,175.0,1108.0
EAL-Si-LM,P24,200,9,SATISFIED,62.1438,175.0,1000.0
EAL-Si-LM,P24,200,10,SATISFIED,62.0918,178.0,1026.0
EAL-Si-LM,P25,217,1,SATISFIED,62.2297,177.0,1059.0
EAL-Si-LM,P25,217,2,SATISFIED,62.3087,177.0,951.0
EAL-Si-LM,P25,217,3,SATISFIED,62.2307,185.0,926.0
EAL-Si-LM,P25,217,4,SATISFIED,62.2319,177.0,1050.0
EAL-Si-LM,P25,217,5,SATISFIED,62.5972,177.0,1053.0
EAL-Si-LM,P25,217,6,SATISFIED,62.2469,177.0,930.0
EAL-Si-LM,P25,217,7,SATISFIED,62.52,177.0,964.0
EAL-Si-LM,P25,217,8,SATISFIED,62.2761,177.0,1019.0
EAL-Si-LM,P25,217,9,SATISFIED,62.2556,185.0,988.0
EAL-Si-LM,P25,217,10,SATISFIED,62.2307,177.0,977.0
EAL-Si-LM,P26,226,1,SATISFIED,62.6813,202.0,998.0
EAL-Si-LM,P26,226,2,SATISFIED,62.2701,202.0,1031.0
EAL-Si-LM,P26,226,3,SATISFIED,62.2541,201.0,1021.0
EAL-Si-LM,P26,226,4,SATISFIED,62.2358,202.0,1012.0
EAL-Si-LM,P26,226,5,SATISFIED,62.3191,202.0,1006.0
EAL-Si-LM,P26,226,6,SATISFIED,62.3089,206.0,889.0
EAL-Si-LM,P26,226,7,SATISFIED,62.1592,202.0,976.0
EAL-Si-LM,P26,226,8,SATISFIED,62.33,199.0,908.0
EAL-Si-LM,P26,226,9,SATISFIED,62.3469,199.0,965.0
EAL-Si-LM,P26,226,10,SATISFIED,62.6958,201.0,943.0
EAL-Si-LM,P27,263,1,SATISFIED,62.6769,205.0,827.0
EAL-Si-LM,P27,263,2,SATISFIED,62.6713,205.0,916.0
EAL-Si-LM,P27,263,3,SATISFIED,62.6716,205.0,923.0
EAL-Si-LM,P27,263,4,SATISFIED,62.76,205.0,863.0
EAL-Si-LM,P27,263,5,SATISFIED,62.9126,205.0,843.0
EAL-Si-LM,P27,263,6,SATISFIED,62.6645,205.0,919.0
EAL-Si-LM,P27,263,7,SATISFIED,63.3539,205.0,825.0
EAL-Si-LM,P27,263,8,SATISFIED,62.665,205.0,916.0
EAL-Si-LM,P27,263,9,SATISFIED,62.9395,205.0,919.0
EAL-Si-LM,P27,263,10,SATISFIED,62.6835,205.0,859.0
EAL-Si-LM,P28,269,1,SATISFIED,62.5887,231.0,887.0
EAL-Si-LM,P28,269,2,SATISFIED,62.8026,231.0,874.0
EAL-Si-LM,P28,269,3,SATISFIED,62.7695,231.0,850.0
EAL-Si-LM,P28,269,4,SATISFIED,62.6982,225.0,815.0
EAL-Si-LM,P28,269,5,SATISFIED,62.6505,227.0,781.0
EAL-Si-LM,P28,269,6,SATISFIED,62.7274,231.0,738.0
EAL-Si-LM,P28,269,7,SATISFIED,62.7836,231.0,791.0
EAL-Si-LM,P28,269,8,SATISFIED,62.7286,232.0,882.0
EAL-Si-LM,P28,269,9,SATISFIED,62.7788,231.0,829.0
EAL-Si-LM,P28,269,10,SATISFIED,62.7263,225.0,784.0
TSL-Si-LM,P1,63,1,SATISFIED,60.4926,77.0,3771.22
TSL-Si-LM,P1,63,2,SATISFIED,60.2604,77.0,3848.69
TSL-Si-LM,P1,63,3,SATISFIED,60.3644,77.0,3910.16
TSL-Si-LM,P1,63,4,SATISFIED,60.3177,77.0,3864.66
TSL-Si-LM,P1,63,5,SATISFIED,60.2914,77.0,3859.59
TSL-Si-LM,P1,63,6,SATISFIED,60.3587,77.0,3889.59
TSL-Si-LM,P1,63,7,SATISFIED,60.3547,77.0,3888.0
TSL-Si-LM,P1,63,8,SATISFIED,60.5489,77.0,3895.84
TSL-Si-LM,P1,63,9,SATISFIED,60.2182,77.0,3903.5
TSL-Si-LM,P1,63,10,SATISFIED,60.3596,77.0,3847.97
TSL-Si-LM,P2,74,1,SATISFIED,60.3853,90.0,3833.81
TSL-Si-LM,P2,74,2,SATISFIED,60.4042,90.0,3861.34
TSL-Si-LM,P2,74,3,SATISFIED,60.4416,90.0,3812.19
TSL-Si-LM,P2,74,4,SATISFIED,60.2548,90.0,3880.62
TSL-Si-LM,P2,74,5,SATISFIED,60.36,90.0,3887.09
TSL-Si-LM,P2,74,6,SATISFIED,60.3722,90.0,3880.16
TSL-Si-LM,P2,74,7,SATISFIED,60.506,90.0,3845.91
TSL-Si-LM,P2,74,8,SATISFIED,60.371,90.0,3875.62
TSL-Si-LM,P2,74,9,SATISFIED,60.3576,90.0,3857.84
TSL-Si-LM,P2,74,10,SATISFIED,60.3704,90.0,3866.88
TSL-Si-LM,P3,83,1,SATISFIED,60.3924,100.0,3959.19
TSL-Si-LM,P3,83,2,SATISFIED,60.3896,100.0,3920.5
TSL-Si-LM,P3,83,3,SATISFIED,60.3921,100.0,3980.75
TSL-Si-LM,P3,83,4,SATISFIED,60.3881,100.0,3886.62
TSL-Si-LM,P3,83,5,SATISFIED,60.3961,100.0,3909.41
TSL-Si-LM,P3,83,6,SATISFIED,60.399,100.0,3955.53
TSL-Si-LM,P3,83,7,SATISFIED,60.4064,100.0,3935.91
TSL-Si-LM,P3,83,8,SATISFIED,60.3992,100.0,3939.12
TSL-Si-LM,P3,83,9,SATISFIED,60.4003,100.0,3889.09
TSL-Si-LM,P3,83,10,SATISFIED,60.3885,100.0,3912.84
TSL-Si-LM,P4,86,1,SATISFIED,60.4144,110.0,3778.06
TSL-Si-LM,P4,86,2,SATISFIED,60.4497,110.0,3821.81
TSL-Si-LM,P4,86,3,SATISFIED,60.405,110.0,3800.31
TSL-Si-LM,P4,86,4,SATISFIED,60.5175,110.0,3790.16
TSL-Si-LM,P4,86,5,SATISFIED,60.4089,110.0,3768.72
TSL-Si-LM,P4,86,6,SATISFIED,60.4253,110.0,3768.75
TSL-Si-LM,P4,86,7,SATISFIED,60.2846,110.0,3807.16
TSL-Si-LM,P4,86,8,SATISFIED,60.4124,110.0,3806.28
TSL-Si-LM,P4,86,9,SATISFIED,60.4642,110.0,3837.78
TSL-Si-LM,P4,86,10,SATISFIED,60.3982,110.0,3800.88
TSL-Si-LM,P5,92,1,SATISFIED,60.258,135.0,3273.09
TSL-Si-LM,P5,92,2,SATISFIED,60.4043,135.0,3254.28
TSL-Si-LM,P5,92,3,SATISFIED,60.4191,135.0,3217.62
TSL-Si-LM,P5,92,4,SATISFIED,60.4262,135.0,3253.31
TSL-Si-LM,P5,92,5,SATISFIED,60.4329,135.0,3231.25
TSL-Si-LM,P5,92,6,SATISFIED,60.4306,135.0,3207.22
TSL-Si-LM,P5,92,7,SATISFIED,60.2902,135.0,3256.41
TSL-Si-LM,P5,92,8,SATISFIED,60.4261,135.0,3283.22
TSL-Si-LM,P5,92,9,SATISFIED,60.4205,135.0,3189.28
TSL-Si-LM,P5,92,10,SATISFIED,60.4774,135.0,3228.09
TSL-Si-LM,P6,99,1,SATISFIED,60.3108,125.0,3715.22
TSL-Si-LM,P6,99,2,SATISFIED,60.4612,125.0,3687.03
TSL-Si-LM,P6,99,3,SATISFIED,60.4675,125.0,3724.12
TSL-Si-LM,P6,99,4,SATISFIED,60.4466,125.0,3705.72
TSL-Si-LM,P6,99,5,SATISFIED,60.472,125.0,3744.16
TSL-Si-LM,P6,99,6,SATISFIED,60.2709,125.0,3706.88
TSL-Si-LM,P6,99,7,SATISFIED,60.6036,125.0,3718.56
TSL-Si-LM,P6,99,8,SATISFIED,60.4574,125.0,3669.72
TSL-Si-LM,P6,99,9,SATISFIED,60.4503,125.0,3700.41
TSL-Si-LM,P6,99,10,SATISFIED,60.4569,125.0,3720.5
TSL-Si-LM,P7,106,1,SATISFIED,60.5059,118.0,3864.66
TSL-Si-LM,P7,106,2,SATISFIED,60.3017,118.0,3863.25
TSL-Si-LM,P7,106,3,SATISFIED,60.5378,118.0,3845.81
TSL-Si-LM,P7,106,4,SATISFIED,60.6556,118.0,3843.31
TSL-Si-LM,P7,106,5,SATISFIED,60.2897,118.0,3856.12
TSL-Si-LM,P7,106,6,SATISFIED,60.5233,118.0,3818.09
TSL-Si-LM,P7,106,7,SATISFIED,60.5026,118.0,3820.22
TSL-Si-LM,P7,106,8,SATISFIED,60.4898,118.0,3804.56
TSL-Si-LM,P7,106,9,SATISFIED,60.3064,118.0,3837.84
TSL-Si-LM,P7,106,10,SATISFIED,60.4884,118.0,3846.47
TSL-Si-LM,P8,111,1,SATISFIED,60.5794,132.0,3861.34
TSL-Si-LM,P8,111,2,SATISFIED,60.481,130.0,3830.47
TSL-Si-LM,P8,111,3,SATISFIED,60.5234,132.0,3863.12
TSL-Si-LM,P8,111,4,SATISFIED,60.4895,132.0,3875.09
TSL-Si-LM,P8,111,5,SATISFIED,60.4907,132.0,3823.22
TSL-Si-LM,P8,111,6,SATISFIED,60.5309,130.0,3832.44
TSL-Si-LM,P8,111,7,SATISFIED,60.6672,134.0,3824.91
TSL-Si-LM,P8,111,8,SATISFIED,60.524,132.0,3826.12
TSL-Si-LM,P8,111,9,SATISFIED,60.5044,131.0,3846.56
TSL-Si-LM,P8,111,10,SATISFIED,60.4979,132.0,3879.0
TSL-Si-LM,P9,119,1,SATISFIED,60.5343,134.0,3551.84
TSL-Si-LM,P9,119,2,SATISFIED,60.5615,134.0,3534.38
TSL-Si-LM,P9,119,3,SATISFIED,60.5186,134.0,3552.0
TSL-Si-LM,P9,119,4,SATISFIED,60.6502,134.0,3542.41
TSL-Si-LM,P9,119,5,SATISFIED,60.5553,134.0,3602.94
TSL-Si-LM,P9,119,6,SATISFIED,60.5423,134.0,3595.97
TSL-Si-LM,P9,119,7,SATISFIED,60.5222,134.0,3529.88
TSL-Si-LM,P9,119,8,SATISFIED,60.5218,134.0,3591.31
TSL-Si-LM,P9,119,9,SATISFIED,60.5272,134.0,3619.66
TSL-Si-LM,P9,119,10,SATISFIED,60.5448,134.0,3591.16
TSL-Si-LM,P10,123,1,SATISFIED,60.5346,155.0,3596.38
TSL-Si-LM,P10,123,2,SATISFIED,60.5436,155.0,3634.5
TSL-Si-LM,P10,123,3,SATISFIED,60.539,155.0,3611.22
TSL-Si-LM,P10,123,4,SATISFIED,60.3271,155.0,3582.84
TSL-Si-LM,P10,123,5,SATISFIED,60.5606,155.0,3610.91
TSL-Si-LM,P10,123,6,SATISFIED,60.5337,155.0,3564.72
TSL-Si-LM,P10,123,7,SATISFIED,60.5326,155.0,3593.41
TSL-Si-LM,P10,123,8,SATISFIED,60.5366,155.0,3612.47
TSL-Si-LM,P10,123,9,SATISFIED,60.5878,155.0,3603.31
TSL-Si-LM,P10,123,10,SATISFIED,60.555,155.0,3604.12
TSL-Si-LM,P11,146,1,SATISFIED,60.8037,171.0,3290.5
TSL-Si-LM,P11,146,2,SATISFIED,60.3758,171.0,3277.97
TSL-Si-LM,P11,146,3,SATISFIED,60.6474,171.0,3292.59
TSL-Si-LM,P11,146,4,SATISFIED,60.641,171.0,3228.41
TSL-Si-LM,P11,146,5,SATISFIED,60.6407,171.0,3262.19
TSL-Si-LM,P11,146,6,SATISFIED,60.692,171.0,3276.16
TSL-Si-LM,P11,146,7,SATISFIED,60.7032,171.0,3268.5
TSL-Si-LM,P11,146,8,SATISFIED,60.3935,171.0,3271.75
TSL-Si-LM,P11,146,9,SATISFIED,60.6577,171.0,3286.56
TSL-Si-LM,P11,146,10,SATISFIED,60.6575,171.0,3269.31
TSL-Si-LM,P12,157,1,SATISFIED,60.7201,166.0,3422.16
TSL-Si-LM,P12,157,2,SATISFIED,60.7625,167.0,3341.62
TSL-Si-LM,P12,157,3,SATISFIED,60.6966,163.0,3382.47
TSL-Si-LM,P12,157,4,SATISFIED,60.6983,164.0,3414.69
TSL-Si-LM,P12,157,5,SATISFIED,60.6788,165.0,3403.47
TSL-Si-LM,P12,157,6,SATISFIED,60.6995,165.0,3390.84
TSL-Si-LM,P12,157,7,SATISFIED,60.6883,166.0,3396.47
TSL-Si-LM,P12,157,8,SATISFIED,60.6923,165.0,3375.16
TSL-Si-LM,P12,157,9,SATISFIED,60.7022,163.0,3394.5
TSL-Si-LM,P12,157,10,SATISFIED,60.6909,166.0,3384.94
TSL-Si-LM,P13,192,1,SATISFIED,61.031,227.0,2905.03
TSL-Si-LM,P13,192,2,SATISFIED,60.8621,227.0,2911.62
TSL-Si-LM,P13,192,3,SATISFIED,60.8921,227.0,2898.81
TSL-Si-LM,P13,192,4,SATISFIED,60.9292,228.0,2919.16
TSL-Si-LM,P13,192,5,SATISFIED,60.9974,228.0,2910.97
TSL-Si-LM,P13,192,6,SATISFIED,60.8681,228.0,2898.47
TSL-Si-LM,P13,192,7,SATISFIED,60.8716,227.0,2904.59
TSL-Si-LM,P13,192,8,SATISFIED,60.9131,228.0,2872.41
TSL-Si-LM,P13,192,9,SATISFIED,61.0334,228.0,2917.25
TSL-Si-LM,P13,192,10,SATISFIED,60.8652,227.0,2865.31
TSL-Si-LM,P14,208,1,SATISFIED,60.564,221.0,2939.44
TSL-Si-LM,P14,208,2,SATISFIED,60.9442,221.0,2909.44
TSL-Si-LM,P14,208,3,SATISFIED,61.0504,221.0,2908.53
TSL-Si-LM,P14,208,4,SATISFIED,60.944,221.0,2918.31
TSL-Si-LM,P14,208,5,SATISFIED,60.941,221.0,2937.66
TSL-Si-LM,P14,208,6,SATISFIED,60.9425,221.0,2937.56
TSL-Si-LM,P14,208,7,SATISFIED,61.011,221.0,2937.0
TSL-Si-LM,P14,208,8,SATISFIED,60.5595,221.0,2890.94
TSL-Si-LM,P14,208,9,SATISFIED,60.5412,221.0,2929.59
TSL-Si-LM,P14,208,10,SATISFIED,61.1815,221.0,2923.94
TSL-Si-LM,P15,220,1,SATISFIED,61.0358,228.0,2766.66
TSL-Si-LM,P15,220,2,SATISFIED,61.0439,228.0,2765.44
TSL-Si-LM,P15,220,3,SATISFIED,61.0197,228.0,2778.0
TSL-Si-LM,P15,220,4,SATISFIED,61.1309,228.0,2783.38
TSL-Si-LM,P15,220,5,SATISFIED,61.0288,228.0,2773.47
TSL-Si-LM,P15,220,6,SATISFIED,60.5876,228.0,2786.25
TSL-Si-LM,P15,220,7,SATISFIED,61.0111,228.0,2780.38
TSL-Si-LM,P15,220,8,SATISFIED,61.0076,228.0,2803.88
TSL-Si-LM,P15,220,9,SATISFIED,61.022,228.0,2791.84
TSL-Si-LM,P15,220,10,SATISFIED,61.0337,228.0,2780.72
TSL-Si-LM,P16,226,1,SATISFIED,61.1478,233.0,2737.47
TSL-Si-LM,P16,226,2,SATISFIED,61.074,233.0,2796.22
TSL-Si-LM,P16,226,3,SATISFIED,61.0888,233.0,2790.34
TSL-Si-LM,P16,226,4,SATISFIED,61.2994,233.0,2755.38
TSL-Si-LM,P16,226,5,SATISFIED,61.0555,234.0,2706.59
TSL-Si-LM,P16,226,6,SATISFIED,60.5881,234.0,2766.88
TSL-Si-LM,P16,226,7,SATISFIED,61.048,234.0,2802.25
TSL-Si-LM,P16,226,8,SATISFIED,60.7619,233.0,2798.38
TSL-Si-LM,P16,226,9,SATISFIED,61.0579,233.0,2810.44
TSL-Si-LM,P16,226,10,SATISFIED,61.0713,233.0,2750.91
TSL-Si-LM,P17,98,1,SATISFIED,60.4631,94.0,3420.75
TSL-Si-LM,P17,98,2,SATISFIED,60.5698,94.0,3403.06
TSL-Si-LM,P17,98,3,SATISFIED,60.4589,94.0,3354.19
TSL-Si-LM,P17,98,4,SATISFIED,60.4567,94.0,3381.25
TSL-Si-LM,P17,98,5,SATISFIED,60.4662,94.0,3449.81
TSL-Si-LM,P17,98,6,SATISFIED,60.456,94.0,3466.22
TSL-Si-LM,P17,98,7,SATISFIED,60.458,94.0,3494.31
TSL-Si-LM,P17,98,8,SATISFIED,60.564,94.0,3380.03
TSL-Si-LM,P17,98,9,SATISFIED,60.6551,94.0,3407.41
TSL-Si-LM,P17,98,10,SATISFIED,60.4615,94.0,3382.72
TSL-Si-LM,P18,110,1,SATISFIED,60.5552,104.0,3311.44
TSL-Si-LM,P18,110,2,SATISFIED,60.5301,104.0,3340.75
TSL-Si-LM,P18,110,3,SATISFIED,60.367,104.0,3368.81
TSL-Si-LM,P18,110,4,SATISFIED,60.5777,104.0,3328.94
TSL-Si-LM,P18,110,5,SATISFIED,60.5838,104.0,3358.5
TSL-Si-LM,P18,110,6,SATISFIED,60.7277,104.0,3314.22
TSL-Si-LM,P18,110,7,SATISFIED,60.5167,104.0,3347.69
TSL-Si-LM,P18,110,8,SATISFIED,60.5371,104.0,3350.97
TSL-Si-LM,P18,110,9,SATISFIED,60.5091,104.0,3321.69
TSL-Si-LM,P18,110,10,SATISFIED,60.3826,104.0,3364.84
TSL-Si-LM,P19,116,1,SATISFIED,60.3494,88.0,3544.38
TSL-Si-LM,P19,116,2,SATISFIED,60.6089,90.0,3470.31
TSL-Si-LM,P19,116,3,SATISFIED,60.5842,88.0,3553.09
TSL-Si-LM,P19,116,4,SATISFIED,60.5518,90.0,3515.75
TSL-Si-LM,P19,116,5,SATISFIED,60.3202,89.0,3533.84
TSL-Si-LM,P19,116,6,SATISFIED,60.518,88.0,3531.53
TSL-Si-LM,P19,116,7,SATISFIED,60.4444,90.0,3531.41
TSL-Si-LM,P19,116,8,SATISFIED,60.614,86.0,3518.56
TSL-Si-LM,P19,116,9,SATISFIED,60.5164,88.0,3534.78
TSL-Si-LM,P19,116,10,SATISFIED,60.314,89.0,3531.28
TSL-Si-LM,P20,117,1,SATISFIED,60.5291,102.0,3437.59
TSL-Si-LM,P20,117,2,SATISFIED,60.3242,99.0,3507.19
TSL-Si-LM,P20,117,3,SATISFIED,60.5338,98.0,3433.94
TSL-Si-LM,P20,117,4,SATISFIED,60.6126,99.0,3511.0
TSL-Si-LM,P20,117,5,SATISFIED,60.5394,102.0,3470.88
TSL-Si-LM,P20,117,6,SATISFIED,60.2985,102.0,3536.41
TSL-Si-LM,P20,117,7,SATISFIED,60.5376,102.0,3473.16
TSL-Si-LM,P20,117,8,SATISFIED,60.5291,99.0,3479.84
TSL-Si-LM,P20,117,9,SATISFIED,60.5202,99.0,3458.25
TSL-Si-LM,P20,117,10,SATISFIED,60.6343,102.0,3487.66
TSL-Si-LM,P21,130,1,SATISFIED,60.5717,108.0,3285.72
TSL-Si-LM,P21,130,2,SATISFIED,60.5771,110.0,3258.19
TSL-Si-LM,P21,130,3,SATISFIED,60.6305,108.0,3300.66
TSL-Si-LM,P21,130,4,SATISFIED,60.5721,108.0,3265.88
TSL-Si-LM,P21,130,5,SATISFIED,60.6815,110.0,3195.88
TSL-Si-LM,P21,130,6,SATISFIED,60.3389,110.0,3251.12
TSL-Si-LM,P21,130,7,SATISFIED,60.564,108.0,3261.22
TSL-Si-LM,P21,130,8,SATISFIED,60.568,108.0,3283.41
TSL-Si-LM,P21,130,9,SATISFIED,60.56,108.0,3300.44
TSL-Si-LM,P21,130,10,SATISFIED,60.6572,108.0,3253.88
TSL-Si-LM,P22,145,1,SATISFIED,60.7154,124.0,3322.25
TSL-Si-LM,P22,145,2,SATISFIED,60.6269,124.0,3369.72
TSL-Si-LM,P22,145,3,SATISFIED,60.6278,124.0,3334.81
TSL-Si-LM,P22,145,4,SATISFIED,60.636,124.0,3356.12
TSL-Si-LM,P22,145,5,SATISFIED,60.6309,122.0,3324.56
TSL-Si-LM,P22,145,6,SATISFIED,60.7669,124.0,3326.03
TSL-Si-LM,P22,145,7,SATISFIED,60.629,122.0,3311.72
TSL-Si-LM,P22,145,8,SATISFIED,60.6386,124.0,3324.22
TSL-Si-LM,P22,145,9,SATISFIED,60.6245,124.0,3355.0
TSL-Si-LM,P22,145,10,SATISFIED,60.6382,122.0,3334.47
TSL-Si-LM,P23,195,1,SATISFIED,60.9625,142.0,2827.47
TSL-Si-LM,P23,195,2,SATISFIED,60.8753,146.0,2845.66
TSL-Si-LM,P23,195,3,SATISFIED,60.8598,146.0,2858.66
TSL-Si-LM,P23,195,4,SATISFIED,60.8735,147.0,2814.44
TSL-Si-LM,P23,195,5,SATISFIED,60.9656,147.0,2862.91
TSL-Si-LM,P23,195,6,SATISFIED,60.4971,142.0,2859.34
TSL-Si-LM,P23,195,7,SATISFIED,60.6032,147.0,2873.22
TSL-Si-LM,P23,195,8,SATISFIED,60.5151,148.0,2858.88
TSL-Si-LM,P23,195,9,SATISFIED,60.9987,147.0,2853.44
TSL-Si-LM,P23,195,10,SATISFIED,60.8848,145.0,2884.5
TSL-Si-LM,P24,200,1,SATISFIED,60.9086,171.0,2789.88
TSL-Si-LM,P24,200,2,SATISFIED,60.9412,171.0,2787.88
TSL-Si-LM,P24,200,3,SATISFIED,60.9153,171.0,2767.03
TSL-Si-LM,P24,200,4,SATISFIED,60.8137,171.0,2764.78
TSL-Si-LM,P24,200,5,SATISFIED,60.9142,171.0,2840.25
TSL-Si-LM,P24,200,6,SATISFIED,61.1201,171.0,2817.06
TSL-Si-LM,P24,200,7,SATISFIED,60.5184,171.0,2831.38
TSL-Si-LM,P24,200,8,SATISFIED,60.5278,171.0,2824.16
TSL-Si-LM,P24,200,9,SATISFIED,60.5705,171.0,2801.81
TSL-Si-LM,P24,200,10,SATISFIED,61.1316,171.0,2793.31
TSL-Si-LM,P25,217,1,SATISFIED,61.0232,177.0,2541.38
TSL-Si-LM,P25,217,2,SATISFIED,60.5716,177.0,2582.88
TSL-Si-LM,P25,217,3,SATISFIED,61.0344,177.0,2599.66
TSL-Si-LM,P25,217,4,SATISFIED,60.7114,177.0,2572.34
TSL-Si-LM,P25,217,5,SATISFIED,61.0105,177.0,2592.19
TSL-Si-LM,P25,217,6,SATISFIED,60.5837,177.0,2621.78
TSL-Si-LM,P25,217,7,SATISFIED,61.1622,177.0,2566.56
TSL-Si-LM,P25,217,8,SATISFIED,60.9949,177.0,2579.72
TSL-Si-LM,P25,217,9,SATISFIED,61.0189,177.0,2548.88
TSL-Si-LM,P25,217,10,SATISFIED,61.0709,177.0,2544.53
TSL-Si-LM,P26,226,1,SATISFIED,61.1754,199.0,2537.16
TSL-Si-LM,P26,226,2,SATISFIED,60.593,199.0,2537.94
TSL-Si-LM,P26,226,3,SATISFIED,61.0497,199.0,2531.25
TSL-Si-LM,P26,226,4,SATISFIED,61.1711,199.0,2564.62
TSL-Si-LM,P26,226,5,SATISFIED,61.0542,199.0,2511.22
TSL-Si-LM,P26,226,6,SATISFIED,61.0472,199.0,2564.78
TSL-Si-LM,P26,226,7,SATISFIED,61.0502,199.0,2587.22
TSL-Si-LM,P26,226,8,SATISFIED,60.7814,199.0,2579.94
TSL-Si-LM,P26,226,9,SATISFIED,61.0505,199.0,2536.41
TSL-Si-LM,P26,226,10,SATISFIED,61.0566,199.0,2535.25
TSL-Si-LM,P27,263,1,SATISFIED,61.3466,205.0,2282.41
TSL-Si-LM,P27,263,2,SATISFIED,61.2587,205.0,2298.84
TSL-Si-LM,P27,263,3,SATISFIED,61.2699,205.0,2291.25
TSL-Si-LM,P27,263,4,SATISFIED,61.346,205.0,2273.91
TSL-Si-LM,P27,263,5,SATISFIED,60.7319,205.0,2249.03
TSL-Si-LM,P27,263,6,SATISFIED,61.2826,205.0,2241.75
TSL-Si-LM,P27,263,7,SATISFIED,61.3686,205.0,2231.34
TSL-Si-LM,P27,263,8,SATISFIED,61.2718,205.0,2223.66
TSL-Si-LM,P27,263,9,SATISFIED,61.3074,205.0,2275.81
TSL-Si-LM,P27,263,10,SATISFIED,61.3416,205.0,2248.25
TSL-Si-LM,P28,269,1,SATISFIED,60.8003,215.0,2289.22
TSL-Si-LM,P28,269,2,SATISFIED,61.4949,215.0,2265.0
TSL-Si-LM,P28,269,3,SATISFIED,61.2833,215.0,2258.72
TSL-Si-LM,P28,269,4,SATISFIED,61.3319,215.0,2254.78
TSL-Si-LM,P28,269,5,SATISFIED,61.4797,215.0,2269.22
TSL-Si-LM,P28,269,6,SATISFIED,61.3315,215.0,2298.34
TSL-Si-LM,P28,269,7,SATISFIED,61.3186,215.0,2274.09
TSL-Si-LM,P28,269,8,SATISFIED,61.4876,215.0,2269.91
TSL-Si-LM,P28,269,9,SATISFIED,61.2987,215.0,2234.81
TSL-Si-LM,P28,269,10,SATISFIED,61.3303,217.0,2296.56
SAL-Si-LM,P1,63,1,SATISFIED,60.3386,77.0,667645.03
SAL-Si-LM,P1,63,2,SATISFIED,60.3701,77.0,664634.62
SAL-Si-LM,P1,63,3,SATISFIED,60.5374,77.0,669410.22
SAL-Si-LM,P1,63,4,SATISFIED,60.3725,77.0,661786.72
SAL-Si-LM,P1,63,5,SATISFIED,60.3485,77.0,676699.38
SAL-Si-LM,P1,63,6,SATISFIED,60.381,77.0,673180.53
SAL-Si-LM,P1,63,7,SATISFIED,60.2232,77.0,668581.59
SAL-Si-LM,P1,63,8,SATISFIED,60.3526,77.0,669346.31
SAL-Si-LM,P1,63,9,SATISFIED,60.3513,77.0,672810.34
SAL-Si-LM,P1,63,10,SATISFIED,60.3705,77.0,672713.06
SAL-Si-LM,P2,74,1,SATISFIED,60.395,90.0,626614.28
SAL-Si-LM,P2,74,2,SATISFIED,60.2682,90.0,624792.56
SAL-Si-LM,P2,74,3,SATISFIED,60.4084,90.0,624942.88
SAL-Si-LM,P2,74,4,SATISFIED,60.4144,90.0,627992.47
SAL-Si-LM,P2,74,5,SATISFIED,60.2179,90.0,628452.28
SAL-Si-LM,P2,74,6,SATISFIED,60.2255,90.0,627844.56
SAL-Si-LM,P2,74,7,SATISFIED,60.304,90.0,634614.69
SAL-Si-LM,P2,74,8,SATISFIED,60.38,90.0,628087.69
SAL-Si-LM,P2,74,9,SATISFIED,60.3241,90.0,620948.97
SAL-Si-LM,P2,74,10,SATISFIED,60.3818,90.0,624947.41
SAL-Si-LM,P3,83,1,SATISFIED,60.4584,100.0,591840.16
SAL-Si-LM,P3,83,2,SATISFIED,60.4124,100.0,591815.59
SAL-Si-LM,P3,83,3,SATISFIED,60.5636,100.0,583635.97
SAL-Si-LM,P3,83,4,SATISFIED,60.4033,100.0,584679.03
SAL-Si-LM,P3,83,5,SATISFIED,60.4138,100.0,590687.53
SAL-Si-LM,P3,83,6,SATISFIED,60.4578,100.0,588045.78
SAL-Si-LM,P3,83,7,SATISFIED,60.4916,100.0,584714.22
SAL-Si-LM,P3,83,8,SATISFIED,60.5334,100.0,583023.03
SAL-Si-LM,P3,83,9,SATISFIED,60.4417,100.0,583716.25
SAL-Si-LM,P3,83,10,SATISFIED,60.4303,100.0,595228.38
SAL-Si-LM,P4,86,1,SATISFIED,60.4141,110.0,588206.16
SAL-Si-LM,P4,86,2,SATISFIED,60.5174,110.0,592769.69
SAL-Si-LM,P4,86,3,SATISFIED,60.4883,110.0,588672.62
SAL-Si-LM,P4,86,4,SATISFIED,60.4284,110.0,581503.78
SAL-Si-LM,P4,86,5,SATISFIED,60.4546,110.0,586699.59
SAL-Si-LM,P4,86,6,SATISFIED,60.4634,110.0,585010.94
SAL-Si-LM,P4,86,7,SATISFIED,60.4453,110.0,589649.66
SAL-Si-LM,P4,86,8,SATISFIED,60.4353,110.0,584978.22
SAL-Si-LM,P4,86,9,SATISFIED,60.2478,110.0,588328.5
SAL-Si-LM,P4,86,10,SATISFIED,60.6242,110.0,592988.78
SAL-Si-LM,P5,92,1,SATISFIED,60.4369,135.0,572718.56
SAL-Si-LM,P5,92,2,SATISFIED,60.2733,135.0,579818.44
SAL-Si-LM,P5,92,3,SATISFIED,60.4345,135.0,580227.53
SAL-Si-LM,P5,92,4,SATISFIED,60.3422,135.0,571849.31
SAL-Si-LM,P5,92,5,SATISFIED,60.4805,135.0,575882.28
SAL-Si-LM,P5,92,6,SATISFIED,60.5661,135.0,577685.84
SAL-Si-LM,P5,92,7,SATISFIED,60.4979,135.0,570049.06
SAL-Si-LM,P5,92,8,SATISFIED,60.565,135.0,574207.62
SAL-Si-LM,P5,92,9,SATISFIED,60.437,135.0,579557.03
SAL-Si-LM,P5,92,10,SATISFIED,60.4506,135.0,581581.75
SAL-Si-LM,P6,99,1,SATISFIED,60.5004,125.0,556903.44
SAL-Si-LM,P6,99,2,SATISFIED,60.4727,125.0,559364.56
SAL-Si-LM,P6,99,3,SATISFIED,60.5159,125.0,550341.5
SAL-Si-LM,P6,99,4,SATISFIED,60.3826,125.0,551644.88
SAL-Si-LM,P6,99,5,SATISFIED,60.4728,125.0,553800.69
SAL-Si-LM,P6,99,6,SATISFIED,60.4977,125.0,557414.56
SAL-Si-LM,P6,99,7,SATISFIED,60.4822,125.0,551711.88
SAL-Si-LM,P6,99,8,SATISFIED,60.3749,125.0,557980.94
SAL-Si-LM,P6,99,9,SATISFIED,60.5209,125.0,552300.28
SAL-Si-LM,P6,99,10,SATISFIED,60.4626,125.0,553027.38
SAL-Si-LM,P7,106,1,SATISFIED,60.5246,118.0,532791.91
SAL-Si-LM,P7,106,2,SATISFIED,60.507,118.0,537123.0
SAL-Si-LM,P7,106,3,SATISFIED,60.7017,118.0,532526.09
SAL-Si-LM,P7,106,4,SATISFIED,60.5125,118.0,538653.47
SAL-Si-LM,P7,106,5,SATISFIED,60.513,118.0,537894.56
SAL-Si-LM,P7,106,6,SATISFIED,60.5241,118.0,540502.91
SAL-Si-LM,P7,106,7,SATISFIED,60.4861,118.0,531228.69
SAL-Si-LM,P7,106,8,SATISFIED,60.4861,118.0,533856.38
SAL-Si-LM,P7,106,9,SATISFIED,60.4763,118.0,533097.88
SAL-Si-LM,P7,106,10,SATISFIED,60.5904,118.0,524850.12
SAL-Si-LM,P8,111,1,SATISFIED,60.2997,131.0,525319.69
SAL-Si-LM,P8,111,2,SATISFIED,60.2918,130.0,527617.09
SAL-Si-LM,P8,111,3,SATISFIED,60.5141,129.0,523521.25
SAL-Si-LM,P8,111,4,SATISFIED,60.5017,129.0,523475.06
SAL-Si-LM,P8,111,5,SATISFIED,60.5008,130.0,519586.47
SAL-Si-LM,P8,111,6,SATISFIED,60.6668,131.0,515254.88
SAL-Si-LM,P8,111,7,SATISFIED,60.4978,130.0,516105.38
SAL-Si-LM,P8,111,8,SATISFIED,60.5062,129.0,523213.56
SAL-Si-LM,P8,111,9,SATISFIED,60.5069,130.0,531784.88
SAL-Si-LM,P8,111,10,SATISFIED,60.5011,130.0,517754.56
SAL-Si-LM,P9,119,1,SATISFIED,60.4587,134.0,501603.31
SAL-Si-LM,P9,119,2,SATISFIED,60.526,134.0,503131.44
SAL-Si-LM,P9,119,3,SATISFIED,60.5796,134.0,498854.03
SAL-Si-LM,P9,119,4,SATISFIED,60.5094,134.0,500634.97
SAL-Si-LM,P9,119,5,SATISFIED,60.5246,134.0,504874.5
SAL-Si-LM,P9,119,6,SATISFIED,60.5295,134.0,508668.41
SAL-Si-LM,P9,119,7,SATISFIED,60.5262,134.0,508260.72
SAL-Si-LM,P9,119,8,SATISFIED,60.5321,134.0,508700.94
SAL-Si-LM,P9,119,9,SATISFIED,60.6017,134.0,504779.31
SAL-Si-LM,P9,119,10,SATISFIED,60.5222,134.0,498240.06
SAL-Si-LM,P10,123,1,SATISFIED,60.3191,155.0,494807.91
SAL-Si-LM,P10,123,2,SATISFIED,60.5582,155.0,494809.5
SAL-Si-LM,P10,123,3,SATISFIED,60.5341,155.0,495597.28
SAL-Si-LM,P10,123,4,SATISFIED,60.3243,155.0,503694.03
SAL-Si-LM,P10,123,5,SATISFIED,60.6106,155.0,500255.41
SAL-Si-LM,P10,123,6,SATISFIED,60.5474,155.0,496031.12
SAL-Si-LM,P10,123,7,SATISFIED,60.539,155.0,493597.81
SAL-Si-LM,P10,123,8,SATISFIED,60.5394,155.0,496522.78
SAL-Si-LM,P10,123,9,SATISFIED,60.3235,155.0,501920.72
SAL-Si-LM,P10,123,10,SATISFIED,60.5404,155.0,499485.16
SAL-Si-LM,P11,146,1,SATISFIED,60.6441,171.0,444959.22
SAL-Si-LM,P11,146,2,SATISFIED,60.3622,171.0,454327.44
SAL-Si-LM,P11,146,3,SATISFIED,60.6207,171.0,452118.88
SAL-Si-LM,P11,146,4,SATISFIED,60.6665,171.0,449013.88
SAL-Si-LM,P11,146,5,SATISFIED,60.6359,171.0,450232.03
SAL-Si-LM,P11,146,6,SATISFIED,60.7247,171.0,451460.41
SAL-Si-LM,P11,146,7,SATISFIED,60.7292,171.0,448254.34
SAL-Si-LM,P11,146,8,SATISFIED,60.6891,171.0,451905.44
SAL-Si-LM,P11,146,9,SATISFIED,60.708,171.0,449408.28
SAL-Si-LM,P11,146,10,SATISFIED,60.6402,171.0,446759.16
SAL-Si-LM,P12,157,1,SATISFIED,60.8448,163.0,425984.91
SAL-Si-LM,P12,157,2,SATISFIED,60.6878,163.0,427607.94
SAL-Si-LM,P12,157,3,SATISFIED,60.6835,163.0,433354.06
SAL-Si-LM,P12,157,4,SATISFIED,60.7049,163.0,429102.78
SAL-Si-LM,P12,157,5,SATISFIED,60.7789,163.0,429415.72
SAL-Si-LM,P12,157,6,SATISFIED,60.8331,163.0,426251.97
SAL-Si-LM,P12,157,7,SATISFIED,60.6824,163.0,429482.44
SAL-Si-LM,P12,157,8,SATISFIED,60.6919,163.0,425204.0
SAL-Si-LM,P12,157,9,SATISFIED,60.7095,163.0,427113.62
SAL-Si-LM,P12,157,10,SATISFIED,60.6774,163.0,431200.22
SAL-Si-LM,P13,192,1,SATISFIED,60.879,227.0,372151.06
SAL-Si-LM,P13,192,2,SATISFIED,60.4828,228.0,372507.59
SAL-Si-LM,P13,192,3,SATISFIED,60.5286,228.0,371195.59
SAL-Si-LM,P13,192,4,SATISFIED,60.8464,227.0,373426.09
SAL-Si-LM,P13,192,5,SATISFIED,60.9463,227.0,372487.22
SAL-Si-LM,P13,192,6,SATISFIED,60.8498,228.0,371380.5
SAL-Si-LM,P13,192,7,SATISFIED,60.8559,227.0,374712.19
SAL-Si-LM,P13,192,8,SATISFIED,60.4734,227.0,377600.22
SAL-Si-LM,P13,192,9,SATISFIED,60.5499,227.0,376896.94
SAL-Si-LM,P13,192,10,SATISFIED,60.4849,228.0,374790.47
SAL-Si-LM,P14,208,1,SATISFIED,60.9375,221.0,348388.16
SAL-Si-LM,P14,208,2,SATISFIED,61.122,221.0,348008.44
SAL-Si-LM,P14,208,3,SATISFIED,60.9397,221.0,350998.28
SAL-Si-LM,P14,208,4,SATISFIED,60.9484,221.0,351096.84
SAL-Si-LM,P14,208,5,SATISFIED,60.9584,223.0,346943.0
SAL-Si-LM,P14,208,6,SATISFIED,61.0951,221.0,344129.81
SAL-Si-LM,P14,208,7,SATISFIED,60.9515,221.0,350490.44
SAL-Si-LM,P14,208,8,SATISFIED,61.0098,221.0,348914.25
SAL-Si-LM,P14,208,9,SATISFIED,60.8538,221.0,351052.5
SAL-Si-LM,P14,208,10,SATISFIED,60.6874,221.0,350158.03
SAL-Si-LM,P15,220,1,SATISFIED,61.0168,228.0,332805.62
SAL-Si-LM,P15,220,2,SATISFIED,61.0121,228.0,335576.94
SAL-Si-LM,P15,220,3,SATISFIED,61.2156,228.0,336291.03
SAL-Si-LM,P15,220,4,SATISFIED,61.0014,228.0,335833.12
SAL-Si-LM,P15,220,5,SATISFIED,61.0166,228.0,329809.94
SAL-Si-LM,P15,220,6,SATISFIED,61.0143,228.0,331991.81
SAL-Si-LM,P15,220,7,SATISFIED,61.1654,228.0,335351.53
SAL-Si-LM,P15,220,8,SATISFIED,61.0259,228.0,337981.59
SAL-Si-LM,P15,220,9,SATISFIED,60.9406,228.0,339366.81
SAL-Si-LM,P15,220,10,SATISFIED,61.0025,228.0,337053.31
SAL-Si-LM,P16,226,1,SATISFIED,60.6096,233.0,328666.25
SAL-Si-LM,P16,226,2,SATISFIED,61.1919,233.0,330943.28
SAL-Si-LM,P16,226,3,SATISFIED,61.0521,233.0,332013.56
SAL-Si-LM,P16,226,4,SATISFIED,61.2106,233.0,333262.56
SAL-Si-LM,P16,226,5,SATISFIED,61.0558,233.0,329246.06
SAL-Si-LM,P16,226,6,SATISFIED,61.0283,233.0,333696.69
SAL-Si-LM,P16,226,7,SATISFIED,61.3552,233.0,332751.72
SAL-Si-LM,P16,226,8,SATISFIED,60.6117,233.0,330992.62
SAL-Si-LM,P16,226,9,SATISFIED,61.0483,233.0,327431.28
SAL-Si-LM,P16,226,10,SATISFIED,61.0503,233.0,324880.62
SAL-Si-LM,P17,98,1,SATISFIED,60.4898,94.0,550333.03
SAL-Si-LM,P17,98,2,SATISFIED,60.4528,94.0,548175.84
SAL-Si-LM,P17,98,3,SATISFIED,60.2742,94.0,553052.19
SAL-Si-LM,P17,98,4,SATISFIED,60.4699,94.0,539367.66
SAL-Si-LM,P17,98,5,SATISFIED,60.468,94.0,551732.38
SAL-Si-LM,P17,98,6,SATISFIED,60.4662,94.0,551499.0
SAL-Si-LM,P17,98,7,SATISFIED,60.4621,94.0,557291.78
SAL-Si-LM,P17,98,8,SATISFIED,60.6318,94.0,547128.5
SAL-Si-LM,P17,98,9,SATISFIED,60.4566,94.0,546415.19
SAL-Si-LM,P17,98,10,SATISFIED,60.4759,94.0,548581.0
SAL-Si-LM,P18,110,1,SATISFIED,60.519,104.0,518138.81
SAL-Si-LM,P18,110,2,SATISFIED,60.5138,104.0,524471.5
SAL-Si-LM,P18,110,3,SATISFIED,60.5081,104.0,516959.56
SAL-Si-LM,P18,110,4,SATISFIED,60.5007,104.0,526842.06
SAL-Si-LM,P18,110,5,SATISFIED,60.591,104.0,524674.81
SAL-Si-LM,P18,110,6,SATISFIED,60.2879,104.0,521613.81
SAL-Si-LM,P18,110,7,SATISFIED,60.4986,104.0,519445.0
SAL-Si-LM,P18,110,8,SATISFIED,60.5012,104.0,516929.62
SAL-Si-LM,P18,110,9,SATISFIED,60.5019,104.0,516426.16
SAL-Si-LM,P18,110,10,SATISFIED,60.5124,104.0,523507.91
SAL-Si-LM,P19,116,1,SATISFIED,60.6544,86.0,506817.44
SAL-Si-LM,P19,116,2,SATISFIED,60.3145,86.0,510001.56
SAL-Si-LM,P19,116,3,SATISFIED,60.5214,87.0,506217.59
SAL-Si-LM,P19,116,4,SATISFIED,60.6191,86.0,507251.19
SAL-Si-LM,P19,116,5,SATISFIED,60.5735,88.0,503004.94
SAL-Si-LM,P19,116,6,SATISFIED,60.5845,86.0,508529.72
SAL-Si-LM,P19,116,7,SATISFIED,60.645,86.0,500331.47
SAL-Si-LM,P19,116,8,SATISFIED,60.5545,87.0,505945.25
SAL-Si-LM,P19,116,9,SATISFIED,60.3427,86.0,508067.19
SAL-Si-LM,P19,116,10,SATISFIED,60.6586,86.0,504972.41
SAL-Si-LM,P20,117,1,SATISFIED,60.5419,102.0,496997.53
SAL-Si-LM,P20,117,2,SATISFIED,60.5289,102.0,502325.22
SAL-Si-LM,P20,117,3,SATISFIED,60.724,102.0,503519.22
SAL-Si-LM,P20,117,4,SATISFIED,60.5192,102.0,507823.97
SAL-Si-LM,P20,117,5,SATISFIED,60.5264,99.0,504350.97
SAL-Si-LM,P20,117,6,SATISFIED,60.5231,102.0,506558.38
SAL-Si-LM,P20,117,7,SATISFIED,60.3169,101.0,501906.72
SAL-Si-LM,P20,117,8,SATISFIED,60.5673,102.0,501929.56
SAL-Si-LM,P20,117,9,SATISFIED,60.6613,102.0,504167.5
SAL-Si-LM,P20,117,10,SATISFIED,60.5555,102.0,505444.47
SAL-Si-LM,P21,130,1,SATISFIED,60.5732,108.0,472187.0
SAL-Si-LM,P21,130,2,SATISFIED,60.63,108.0,470042.84
SAL-Si-LM,P21,130,3,SATISFIED,60.5885,108.0,475763.09
SAL-Si-LM,P21,130,4,SATISFIED,60.5697,108.0,475430.5
SAL-Si-LM,P21,130,5,SATISFIED,60.5855,108.0,477600.88
SAL-Si-LM,P21,130,6,SATISFIED,60.6402,108.0,480344.88
SAL-Si-LM,P21,130,7,SATISFIED,60.5694,108.0,474827.0
SAL-Si-LM,P21,130,8,SATISFIED,60.5679,108.0,472958.72
SAL-Si-LM,P21,130,9,SATISFIED,60.5676,108.0,471896.72
SAL-Si-LM,P21,130,10,SATISFIED,60.6423,108.0,472325.5
SAL-Si-LM,P22,145,1,SATISFIED,60.7894,124.0,442599.41
SAL-Si-LM,P22,145,2,SATISFIED,60.6454,124.0,440900.44
SAL-Si-LM,P22,145,3,SATISFIED,60.6386,124.0,440116.59
SAL-Si-LM,P22,145,4,SATISFIED,60.648,124.0,444078.38
SAL-Si-LM,P22,145,5,SATISFIED,60.6552,124.0,446317.88
SAL-Si-LM,P22,145,6,SATISFIED,60.8127,122.0,440288.56
SAL-Si-LM,P22,145,7,SATISFIED,60.6371,124.0,439299.81
SAL-Si-LM,P22,145,8,SATISFIED,60.6571,124.0,438160.12
SAL-Si-LM,P22,145,9,SATISFIED,60.363,124.0,444306.38
SAL-Si-LM,P22,145,10,SATISFIED,60.3735,124.0,447211.91
SAL-Si-LM,P23,195,1,SATISFIED,60.6209,146.0,363906.09
SAL-Si-LM,P23,195,2,SATISFIED,60.506,147.0,366126.31
SAL-Si-LM,P23,195,3,SATISFIED,60.9006,145.0,358572.5
SAL-Si-LM,P23,195,4,SATISFIED,60.878,144.0,363608.72
SAL-Si-LM,P23,195,5,SATISFIED,61.0655,149.0,360760.47
SAL-Si-LM,P23,195,6,SATISFIED,60.4905,147.0,364146.97
SAL-Si-LM,P23,195,7,SATISFIED,60.8798,147.0,357173.72
SAL-Si-LM,P23,195,8,SATISFIED,60.885,147.0,360291.41
SAL-Si-LM,P23,195,9,SATISFIED,60.9892,147.0,363141.25
SAL-Si-LM,P23,195,10,SATISFIED,60.9215,148.0,363014.28
SAL-Si-LM,P24,200,1,SATISFIED,60.6233,171.0,356849.19
SAL-Si-LM,P24,200,2,SATISFIED,60.9269,171.0,349648.56
SAL-Si-LM,P24,200,3,SATISFIED,60.629,171.0,354108.66
SAL-Si-LM,P24,200,4,SATISFIED,60.8956,171.0,353073.34
SAL-Si-LM,P24,200,5,SATISFIED,60.9125,171.0,353751.78
SAL-Si-LM,P24,200,6,SATISFIED,60.9042,171.0,353509.44
SAL-Si-LM,P24,200,7,SATISFIED,60.951,171.0,354428.97
SAL-Si-LM,P24,200,8,SATISFIED,60.9012,171.0,356123.94
SAL-Si-LM,P24,200,9,SATISFIED,60.9003,171.0,354667.03
SAL-Si-LM,P24,200,10,SATISFIED,60.5144,171.0,356404.66
SAL-Si-LM,P25,217,1,SATISFIED,60.9864,177.0,331111.91
SAL-Si-LM,P25,217,2,SATISFIED,60.9855,177.0,331705.16
SAL-Si-LM,P25,217,3,SATISFIED,60.7622,177.0,332508.78
SAL-Si-LM,P25,217,4,SATISFIED,61.0938,177.0,334615.16
SAL-Si-LM,P25,217,5,SATISFIED,60.9981,177.0,336569.53
SAL-Si-LM,P25,217,6,SATISFIED,60.994,177.0,332957.62
SAL-Si-LM,P25,217,7,SATISFIED,60.9815,177.0,334893.16
SAL-Si-LM,P25,217,8,SATISFIED,61.0752,177.0,330929.62
SAL-Si-LM,P25,217,9,SATISFIED,60.9897,177.0,330756.75
SAL-Si-LM,P25,217,10,SATISFIED,61.0167,177.0,331061.28
SAL-Si-LM,P26,226,1,SATISFIED,61.193,199.0,324106.12
SAL-Si-LM,P26,226,2,SATISFIED,61.0478,199.0,324874.94
SAL-Si-LM,P26,226,3,SATISFIED,61.0453,199.0,320824.91
SAL-Si-LM,P26,226,4,SATISFIED,60.7123,199.0,321850.0
SAL-Si-LM,P26,226,5,SATISFIED,60.597,199.0,322870.12
SAL-Si-LM,P26,226,6,SATISFIED,60.5826,199.0,319151.72
SAL-Si-LM,P26,226,7,SATISFIED,61.0369,199.0,320104.03
SAL-Si-LM,P26,226,8,SATISFIED,61.1701,199.0,325502.75
SAL-Si-LM,P26,226,9,SATISFIED,61.0328,199.0,321889.84
SAL-Si-LM,P26,226,10,SATISFIED,60.5809,199.0,320410.25
SAL-Si-LM,P27,263,1,SATISFIED,60.8293,205.0,278810.44
SAL-Si-LM,P27,263,2,SATISFIED,60.876,205.0,281269.66
SAL-Si-LM,P27,263,3,SATISFIED,61.2672,205.0,280840.88
SAL-Si-LM,P27,263,4,SATISFIED,61.393,205.0,282141.09
SAL-Si-LM,P27,263,5,SATISFIED,61.2606,205.0,277954.91
SAL-Si-LM,P27,263,6,SATISFIED,60.871,205.0,282919.34
SAL-Si-LM,P27,263,7,SATISFIED,61.3886,205.0,280777.09
SAL-Si-LM,P27,263,8,SATISFIED,61.2679,205.0,280635.56
SAL-Si-LM,P27,263,9,SATISFIED,61.2728,205.0,279253.78
SAL-Si-LM,P27,263,10,SATISFIED,61.4408,205.0,280065.59
SAL-Si-LM,P28,269,1,SATISFIED,61.2559,215.0,267514.56
SAL-Si-LM,P28,269,2,SATISFIED,61.0433,215.0,277831.19
SAL-Si-LM,P28,269,3,SATISFIED,61.4003,215.0,278774.25
SAL-Si-LM,P28,269,4,SATISFIED,61.3304,217.0,278028.09
SAL-Si-LM,P28,269,5,SATISFIED,61.3026,215.0,276801.12
SAL-Si-LM,P28,269,6,SATISFIED,61.3172,217.0,280728.25
SAL-Si-LM,P28,269,7,SATISFIED,60.7592,215.0,278414.03
SAL-Si-LM,P28,269,8,SATISFIED,61.2907,215.0,278342.09
SAL-Si-LM,P28,269,9,SATISFIED,60.7396,217.0,279767.94
SAL-Si-LM,P28,269,10,SATISFIED,61.2873,215.0,277667.06
